sale_id,branch_id,product_id,quantity,total_price,date,item_price
S001,B001,P001,10,1000.0,2024-06-01 08:00:00,100.0
S002,B001,P002,5,1000.0,2024-06-01 09:00:00,200.0
S003,B001,P003,8,1200.0,2024-06-01 10:00:00,150.0
S004,B001,P004,20,1000.0,2024-06-01 11:00:00,50.0
S005,B001,P005,2,600.0,2024-06-01 12:00:00,300.0
S006,B001,P006,15,1125.0,2024-06-01 13:00:00,75.0
S007,B001,P007,7,840.0,2024-06-01 14:00:00,120.0
S008,B001,P008,3,1200.0,2024-06-01 15:00:00,400.0
S009,B001,P009,12,2160.0,2024-06-01 16:00:00,180.0
S010,B001,P010,4,520.0,2024-06-01 17:00:00,130.0
S011,B002,P001,6,570.0,2024-06-01 08:00:00,95.0
S012,B002,P002,8,1600.0,2024-06-01 09:00:00,200.0
S013,B002,P003,10,1500.0,2024-06-01 10:00:00,150.0
S014,B002,P004,5,250.0,2024-06-01 11:00:00,50.0
S015,B002,P005,2,600.0,2024-06-01 12:00:00,300.0
S016,B002,P006,20,1500.0,2024-06-01 13:00:00,75.0
S017,B002,P007,5,600.0,2024-06-01 14:00:00,120.0
S018,B002,P008,7,2800.0,2024-06-01 15:00:00,400.0
S019,B002,P009,10,1800.0,2024-06-01 16:00:00,180.0
S020,B002,P010,4,520.0,2024-06-01 17:00:00,130.0
S021,B003,P001,9,945.0,2024-06-01 08:00:00,105.0
S022,B003,P002,8,1600.0,2024-06-01 09:00:00,200.0
S023,B003,P003,10,1500.0,2024-06-01 10:00:00,150.0
S024,B003,P004,5,250.0,2024-06-01 11:00:00,50.0
S025,B003,P005,2,600.0,2024-06-01 12:00:00,300.0
S026,B003,P006,20,1500.0,2024-06-01 13:00:00,75.0
S027,B003,P007,5,600.0,2024-06-01 14:00:00,120.0
S028,B003,P008,7,2800.0,2024-06-01 15:00:00,400.0
S029,B003,P009,10,1800.0,2024-06-01 16:00:00,180.0
S030,B003,P010,4,520.0,2024-06-01 17:00:00,130.0
S031,B004,P001,10,1000.0,2024-06-01 08:00:00,100.0
S032,B004,P002,5,1000.0,2024-06-01 09:00:00,200.0
S033,B004,P003,8,1200.0,2024-06-01 10:00:00,150.0
S034,B004,P004,20,1000.0,2024-06-01 11:00:00,50.0
S035,B004,P005,2,600.0,2024-06-01 12:00:00,300.0
S036,B004,P006,15,1125.0,2024-06-01 13:00:00,75.0
S037,B004,P007,7,840.0,2024-06-01 14:00:00,120.0
S038,B004,P008,3,1200.0,2024-06-01 15:00:00,400.0
S039,B004,P009,12,2160.0,2024-06-01 16:00:00,180.0
S040,B004,P010,4,520.0,2024-06-01 17:00:00,130.0
S041,B005,P001,6,570.0,2024-06-01 08:00:00,95.0
S042,B005,P002,8,1600.0,2024-06-01 09:00:00,200.0
S043,B005,P003,10,1500.0,2024-06-01 10:00:00,150.0
S044,B005,P004,5,250.0,2024-06-01 11:00:00,50.0
S045,B005,P005,2,600.0,2024-06-01 12:00:00,300.0
S046,B005,P006,20,1500.0,2024-06-01 13:00:00,75.0
S047,B005,P007,5,600.0,2024-06-01 14:00:00,120.0
S048,B005,P008,7,2800.0,2024-06-01 15:00:00,400.0
S049,B005,P009,10,1800.0,2024-06-01 16:00:00,180.0
S050,B005,P010,4,520.0,2024-06-01 17:00:00,130.0
S051,B001,P001,12,1200.0,2024-06-02 08:00:00,100.0
S052,B001,P002,6,1200.0,2024-06-02 09:00:00,200.0
S053,B001,P003,9,1350.0,2024-06-02 10:00:00,150.0
S054,B001,P004,25,1250.0,2024-06-02 11:00:00,50.0
S055,B001,P005,3,900.0,2024-06-02 12:00:00,300.0
S056,B001,P006,10,750.0,2024-06-02 13:00:00,75.0
S057,B001,P007,8,960.0,2024-06-02 14:00:00,120.0
S058,B001,P008,4,1600.0,2024-06-02 15:00:00,400.0
S059,B001,P009,15,2700.0,2024-06-02 16:00:00,180.0
S060,B001,P010,5,650.0,2024-06-02 17:00:00,130.0
S061,B002,P001,7,665.0,2024-06-02 08:00:00,95.0
S062,B002,P002,9,1800.0,2024-06-02 09:00:00,200.0
S063,B002,P003,12,1800.0,2024-06-02 10:00:00,150.0
S064,B002,P004,6,300.0,2024-06-02 11:00:00,50.0
S065,B002,P005,3,900.0,2024-06-02 12:00:00,300.0
S066,B002,P006,12,900.0,2024-06-02 13:00:00,75.0
S067,B002,P007,8,960.0,2024-06-02 14:00:00,120.0
S068,B002,P008,4,1600.0,2024-06-02 15:00:00,400.0
S069,B002,P009,15,2700.0,2024-06-02 16:00:00,180.0
S070,B002,P010,5,650.0,2024-06-02 17:00:00,130.0
S071,B003,P001,10,1000.0,2024-06-02 08:00:00,100.0
S072,B003,P002,6,1200.0,2024-06-02 09:00:00,200.0
S073,B003,P003,8,1200.0,2024-06-02 10:00:00,150.0
S074,B003,P004,22,1100.0,2024-06-02 11:00:00,50.0
S075,B003,P005,4,1200.0,2024-06-02 12:00:00,300.0
S076,B003,P006,15,1125.0,2024-06-02 13:00:00,75.0
S077,B003,P007,6,720.0,2024-06-02 14:00:00,120.0
S078,B003,P008,5,2000.0,2024-06-02 15:00:00,400.0
S079,B003,P009,12,2160.0,2024-06-02 16:00:00,180.0
S080,B003,P010,5,650.0,2024-06-02 17:00:00,130.0
S081,B004,P001,8,800.0,2024-06-02 08:00:00,100.0
S082,B004,P002,6,1200.0,2024-06-02 09:00:00,200.0
S083,B004,P003,7,1050.0,2024-06-02 10:00:00,150.0
S084,B004,P004,15,750.0,2024-06-02 11:00:00,50.0
S085,B004,P005,5,1500.0,2024-06-02 12:00:00,300.0
S086,B004,P006,12,900.0,2024-06-02 13:00:00,75.0
S087,B004,P007,7,840.0,2024-06-02 14:00:00,120.0
S088,B004,P008,4,1600.0,2024-06-02 15:00:00,400.0
S089,B004,P009,10,1800.0,2024-06-02 16:00:00,180.0
S090,B004,P010,6,780.0,2024-06-02 17:00:00,130.0
S091,B005,P001,8,800.0,2024-06-02 08:00:00,100.0
S092,B005,P002,4,800.0,2024-06-02 09:00:00,200.0
S093,B005,P003,6,900.0,2024-06-02 10:00:00,150.0
S094,B005,P004,5,250.0,2024-06-02 11:00:00,50.0
S095,B005,P005,3,900.0,2024-06-02 12:00:00,300.0
S096,B005,P006,15,1125.0,2024-06-02 13:00:00,75.0
S097,B005,P007,6,720.0,2024-06-02 14:00:00,120.0
S098,B005,P008,4,1600.0,2024-06-02 15:00:00,400.0
S099,B005,P009,8,1440.0,2024-06-02 16:00:00,180.0
S100,B005,P010,5,650.0,2024-06-02 17:00:00,130.0
S101,B001,P001,10,1000.0,2024-06-03 08:00:00,100.0
S102,B001,P002,5,1000.0,2024-06-03 09:00:00,200.0
S103,B001,P003,8,1200.0,2024-06-03 10:00:00,150.0
S104,B001,P004,20,1000.0,2024-06-03 11:00:00,50.0
S105,B001,P005,2,600.0,2024-06-03 12:00:00,300.0
S106,B001,P006,15,1125.0,2024-06-03 13:00:00,75.0
S107,B001,P007,7,840.0,2024-06-03 14:00:00,120.0
S108,B001,P008,3,1200.0,2024-06-03 15:00:00,400.0
S109,B001,P009,12,2160.0,2024-06-03 16:00:00,180.0
S110,B001,P010,4,520.0,2024-06-03 17:00:00,130.0
S111,B002,P001,6,570.0,2024-06-03 08:00:00,95.0
S112,B002,P002,8,1600.0,2024-06-03 09:00:00,200.0
S113,B002,P003,10,1500.0,2024-06-03 10:00:00,150.0
S114,B002,P004,5,250.0,2024-06-03 11:00:00,50.0
S115,B002,P005,2,600.0,2024-06-03 12:00:00,300.0
S116,B002,P006,20,1500.0,2024-06-03 13:00:00,75.0
S117,B002,P007,7,840.0,2024-06-03 14:00:00,120.0
S118,B002,P008,3,1200.0,2024-06-03 15:00:00,400.0
S119,B002,P009,10,1800.0,2024-06-03 16:00:00,180.0
S120,B002,P010,4,520.0,2024-06-03 17:00:00,130.0
S121,B003,P001,9,945.0,2024-06-03 08:00:00,105.0
S122,B003,P002,8,1600.0,2024-06-03 09:00:00,200.0
S123,B003,P003,10,1500.0,2024-06-03 10:00:00,150.0
S124,B003,P004,5,250.0,2024-06-03 11:00:00,50.0
S125,B003,P005,2,600.0,2024-06-03 12:00:00,300.0
S126,B003,P006,20,1500.0,2024-06-03 13:00:00,75.0
S127,B003,P007,5,600.0,2024-06-03 14:00:00,120.0
S128,B003,P008,7,2800.0,2024-06-03 15:00:00,400.0
S129,B003,P009,10,1800.0,2024-06-03 16:00:00,180.0
S130,B003,P010,4,520.0,2024-06-03 17:00:00,130.0
S131,B004,P001,10,1000.0,2024-06-03 08:00:00,100.0
S132,B004,P002,5,1000.0,2024-06-03 09:00:00,200.0
S133,B004,P003,8,1200.0,2024-06-03 10:00:00,150.0
S134,B004,P004,20,1000.0,2024-06-03 11:00:00,50.0
S135,B004,P005,2,600.0,2024-06-03 12:00:00,300.0
S136,B004,P006,15,1125.0,2024-06-03 13:00:00,75.0
S137,B004,P007,7,840.0,2024-06-03 14:00:00,120.0
S138,B004,P008,3,1200.0,2024-06-03 15:00:00,400.0
S139,B004,P009,12,2160.0,2024-06-03 16:00:00,180.0
S140,B004,P010,4,520.0,2024-06-03 17:00:00,130.0
S141,B005,P001,5,500.0,2024-06-03 08:00:00,100.0
S142,B005,P002,4,800.0,2024-06-03 09:00:00,200.0
S143,B005,P003,6,900.0,2024-06-03 10:00:00,150.0
S144,B005,P004,5,250.0,2024-06-03 11:00:00,50.0
S145,B005,P005,2,600.0,2024-06-03 12:00:00,300.0
S146,B005,P006,10,1125.0,2024-06-03 13:00:00,75.0
S147,B005,P007,7,840.0,2024-06-03 14:00:00,120.0
S148,B005,P008,3,1200.0,2024-06-03 15:00:00,400.0
S149,B005,P009,12,2160.0,2024-06-03 16:00:00,180.0
S150,B005,P010,5,650.0,2024-06-03 17:00:00,130.0
S151,B001,P001,7,700.0,2024-06-04 08:00:00,100.0
S152,B001,P002,6,1200.0,2024-06-04 09:00:00,200.0
S153,B001,P003,9,1350.0,2024-06-04 10:00:00,150.0
S154,B001,P004,15,750.0,2024-06-04 11:00:00,50.0
S155,B001,P005,3,900.0,2024-06-04 12:00:00,300.0
S156,B001,P006,12,900.0,2024-06-04 13:00:00,75.0
S157,B001,P007,6,720.0,2024-06-04 14:00:00,120.0
S158,B001,P008,4,1600.0,2024-06-04 15:00:00,400.0
S159,B001,P009,11,1980.0,2024-06-04 16:00:00,180.0
S160,B001,P010,5,650.0,2024-06-04 17:00:00,130.0
S161,B002,P001,7,665.0,2024-06-04 08:00:00,95.0
S162,B002,P002,5,1000.0,2024-06-04 09:00:00,200.0
S163,B002,P003,9,1350.0,2024-06-04 10:00:00,150.0
S164,B002,P004,15,750.0,2024-06-04 11:00:00,50.0
S165,B002,P005,3,900.0,2024-06-04 12:00:00,300.0
S166,B002,P006,12,900.0,2024-06-04 13:00:00,75.0
S167,B002,P007,7,720.0,2024-06-04 14:00:00,120.0
S168,B002,P008,4,1600.0,2024-06-04 15:00:00,400.0
S169,B002,P009,8,1440.0,2024-06-04 16:00:00,180.0
S170,B002,P010,5,650.0,2024-06-04 17:00:00,130.0
S171,B003,P001,9,945.0,2024-06-04 08:00:00,105.0
S172,B003,P002,7,1400.0,2024-06-04 09:00:00,200.0
S173,B003,P003,6,900.0,2024-06-04 10:00:00,150.0
S174,B003,P004,20,1000.0,2024-06-04 11:00:00,50.0
S175,B003,P005,4,600.0,2024-06-04 12:00:00,300.0
S176,B003,P006,15,1125.0,2024-06-04 13:00:00,75.0
S177,B003,P007,6,720.0,2024-06-04 14:00:00,120.0
S178,B003,P008,4,1600.0,2024-06-04 15:00:00,400.0
S179,B003,P009,10,1800.0,2024-06-04 16:00:00,180.0
S180,B003,P010,6,780.0,2024-06-04 17:00:00,130.0
S181,B004,P001,8,800.0,2024-06-04 08:00:00,100.0
S182,B004,P002,5,1000.0,2024-06-04 09:00:00,200.0
S183,B004,P003,6,1050.0,2024-06-04 10:00:00,150.0
S184,B004,P004,10,500.0,2024-06-04 11:00:00,50.0
S185,B004,P005,4,1000.0,2024-06-04 12:00:00,300.0
S186,B004,P006,14,1050.0,2024-06-04 13:00:00,75.0
S187,B004,P007,7,840.0,2024-06-04 14:00:00,120.0
S188,B004,P008,4,1600.0,2024-06-04 15:00:00,400.0
S189,B004,P009,8,1440.0,2024-06-04 16:00:00,180.0
S190,B004,P010,5,650.0,2024-06-04 17:00:00,130.0
S191,B005,P001,10,1000.0,2024-06-04 08:00:00,100.0
S192,B005,P002,6,1200.0,2024-06-04 09:00:00,200.0
S193,B005,P003,9,1350.0,2024-06-04 10:00:00,150.0
S194,B005,P004,20,1000.0,2024-06-04 11:00:00,50.0
S195,B005,P005,3,900.0,2024-06-04 12:00:00,300.0
S196,B005,P006,15,1125.0,2024-06-04 13:00:00,75.0
S197,B005,P007,7,840.0,2024-06-04 14:00:00,120.0
S198,B005,P008,4,1600.0,2024-06-04 15:00:00,400.0
S199,B005,P009,11,1980.0,2024-06-04 16:00:00,180.0
S200,B005,P010,5,650.0,2024-06-04 17:00:00,130.0
S201,B001,P001,12,1200.0,2024-06-05 08:00:00,100.0
S202,B001,P002,8,1600.0,2024-06-05 09:00:00,200.0
S203,B001,P003,6,900.0,2024-06-05 10:00:00,150.0
S204,B001,P004,10,500.0,2024-06-05 11:00:00,50.0
S205,B001,P005,4,1200.0,2024-06-05 12:00:00,300.0
S206,B001,P006,14,1050.0,2024-06-05 13:00:00,75.0
S207,B001,P007,8,960.0,2024-06-05 14:00:00,120.0
S208,B001,P008,6,2400.0,2024-06-05 15:00:00,400.0
S209,B001,P009,9,1620.0,2024-06-05 16:00:00,180.0
S210,B001,P010,5,650.0,2024-06-05 17:00:00,130.0
S211,B002,P001,11,1045.0,2024-06-05 08:00:00,95.0
S212,B002,P002,6,1200.0,2024-06-05 09:00:00,200.0
S213,B002,P003,7,1050.0,2024-06-05 10:00:00,150.0
S214,B002,P004,12,600.0,2024-06-05 11:00:00,50.0
S215,B002,P005,5,1500.0,2024-06-05 12:00:00,300.0
S216,B002,P006,13,975.0,2024-06-05 13:00:00,75.0
S217,B002,P007,9,1080.0,2024-06-05 14:00:00,120.0
S218,B002,P008,5,2000.0,2024-06-05 15:00:00,400.0
S219,B002,P009,7,1260.0,2024-06-05 16:00:00,180.0
S220,B002,P010,6,780.0,2024-06-05 17:00:00,130.0
S221,B003,P001,8,800.0,2024-06-05 08:00:00,100.0
S222,B003,P002,6,1200.0,2024-06-05 09:00:00,200.0
S223,B003,P003,8,1200.0,2024-06-05 10:00:00,150.0
S224,B003,P004,15,750.0,2024-06-05 11:00:00,50.0
S225,B003,P005,4,600.0,2024-06-05 12:00:00,300.0
S226,B003,P006,16,1200.0,2024-06-05 13:00:00,75.0
S227,B003,P007,7,840.0,2024-06-05 14:00:00,120.0
S228,B003,P008,5,2000.0,2024-06-05 15:00:00,400.0
S229,B003,P009,10,1800.0,2024-06-05 16:00:00,180.0
S230,B003,P010,4,520.0,2024-06-05 17:00:00,130.0
S231,B004,P001,7,700.0,2024-06-05 08:00:00,100.0
S232,B004,P002,5,1000.0,2024-06-05 09:00:00,200.0
S233,B004,P003,6,1050.0,2024-06-05 10:00:00,150.0
S234,B004,P004,12,600.0,2024-06-05 11:00:00,50.0
S235,B004,P005,4,1200.0,2024-06-05 12:00:00,300.0
S236,B004,P006,14,1050.0,2024-06-05 13:00:00,75.0
S237,B004,P007,9,1080.0,2024-06-05 14:00:00,120.0
S238,B004,P008,5,1600.0,2024-06-05 15:00:00,400.0
S239,B004,P009,8,1440.0,2024-06-05 16:00:00,180.0
S240,B004,P010,6,780.0,2024-06-05 17:00:00,130.0
S241,B005,P001,9,900.0,2024-06-05 08:00:00,100.0
S242,B005,P002,7,1400.0,2024-06-05 09:00:00,200.0
S243,B005,P003,8,1200.0,2024-06-05 10:00:00,150.0
S244,B005,P004,15,750.0,2024-06-05 11:00:00,50.0
S245,B005,P005,5,1500.0,2024-06-05 12:00:00,300.0
S246,B005,P006,12,900.0,2024-06-05 13:00:00,75.0
S247,B005,P007,8,960.0,2024-06-05 14:00:00,120.0
S248,B005,P008,4,1600.0,2024-06-05 15:00:00,400.0
S249,B005,P009,10,1800.0,2024-06-05 16:00:00,180.0
S250,B005,P010,6,780.0,2024-06-05 17:00:00,130.0
S251,B001,P001,10,1000.0,2024-06-06 08:00:00,100.0
S252,B001,P002,7,1400.0,2024-06-06 09:00:00,200.0
S253,B001,P003,8,1200.0,2024-06-06 10:00:00,150.0
S254,B001,P004,12,600.0,2024-06-06 11:00:00,50.0
S255,B001,P005,5,1500.0,2024-06-06 12:00:00,300.0
S256,B001,P006,13,975.0,2024-06-06 13:00:00,75.0
S257,B001,P007,9,1080.0,2024-06-06 14:00:00,120.0
S258,B001,P008,6,2400.0,2024-06-06 15:00:00,400.0
S259,B001,P009,10,1800.0,2024-06-06 16:00:00,180.0
S260,B001,P010,5,780.0,2024-06-06 17:00:00,130.0
S261,B002,P001,11,1045.0,2024-06-06 08:00:00,95.0
S262,B002,P002,8,1400.0,2024-06-06 09:00:00,200.0
S263,B002,P003,7,1050.0,2024-06-06 10:00:00,150.0
S264,B002,P004,10,600.0,2024-06-06 11:00:00,50.0
S265,B002,P005,6,1200.0,2024-06-06 12:00:00,300.0
S266,B002,P006,14,975.0,2024-06-06 13:00:00,75.0
S267,B002,P007,9,1080.0,2024-06-06 14:00:00,120.0
S268,B002,P008,5,1600.0,2024-06-06 15:00:00,400.0
S269,B002,P009,7,1260.0,2024-06-06 16:00:00,180.0
S270,B002,P010,6,780.0,2024-06-06 17:00:00,130.0
S271,B003,P001,9,945.0,2024-06-06 08:00:00,105.0
S272,B003,P002,6,1200.0,2024-06-06 09:00:00,200.0
S273,B003,P003,7,1050.0,2024-06-06 10:00:00,150.0
S274,B003,P004,15,750.0,2024-06-06 11:00:00,50.0
S275,B003,P005,5,800.0,2024-06-06 12:00:00,300.0
S276,B003,P006,16,1200.0,2024-06-06 13:00:00,75.0
S277,B003,P007,8,960.0,2024-06-06 14:00:00,120.0
S278,B003,P008,5,2000.0,2024-06-06 15:00:00,400.0
S279,B003,P009,10,1800.0,2024-06-06 16:00:00,180.0
S280,B003,P010,6,780.0,2024-06-06 17:00:00,130.0
S281,B004,P001,7,700.0,2024-06-06 08:00:00,100.0
S282,B004,P002,6,1200.0,2024-06-06 09:00:00,200.0
S283,B004,P003,9,1350.0,2024-06-06 10:00:00,150.0
S284,B004,P004,12,600.0,2024-06-06 11:00:00,50.0
S285,B004,P005,5,1000.0,2024-06-06 12:00:00,300.0
S286,B004,P006,13,975.0,2024-06-06 13:00:00,75.0
S287,B004,P007,8,1080.0,2024-06-06 14:00:00,120.0
S288,B004,P008,6,1600.0,2024-06-06 15:00:00,400.0
S289,B004,P009,7,1260.0,2024-06-06 16:00:00,180.0
S290,B004,P010,5,650.0,2024-06-06 17:00:00,130.0
S291,B005,P001,10,1000.0,2024-06-06 08:00:00,100.0
S292,B005,P002,7,1400.0,2024-06-06 09:00:00,200.0
S293,B005,P003,8,1200.0,2024-06-06 10:00:00,150.0
S294,B005,P004,15,750.0,2024-06-06 11:00:00,50.0
S295,B005,P005,6,1500.0,2024-06-06 12:00:00,300.0
S296,B005,P006,12,900.0,2024-06-06 13:00:00,75.0
S297,B005,P007,8,960.0,2024-06-06 14:00:00,120.0
S298,B005,P008,5,2000.0,2024-06-06 15:00:00,400.0
S299,B005,P009,9,1620.0,2024-06-06 16:00:00,180.0
S300,B005,P010,6,780.0,2024-06-06 17:00:00,130.0
S301,B001,P001,10,1000.0,2024-06-07 08:00:00,100.0
S302,B001,P002,6,1200.0,2024-06-07 09:00:00,200.0
S303,B001,P003,8,1200.0,2024-06-07 10:00:00,150.0
S304,B001,P004,12,600.0,2024-06-07 11:00:00,50.0
S305,B001,P005,5,1500.0,2024-06-07 12:00:00,300.0
S306,B001,P006,14,1050.0,2024-06-07 13:00:00,75.0
S307,B001,P007,8,960.0,2024-06-07 14:00:00,120.0
S308,B001,P008,6,2400.0,2024-06-07 15:00:00,400.0
S309,B001,P009,10,1800.0,2024-06-07 16:00:00,180.0
S310,B001,P010,5,780.0,2024-06-07 17:00:00,130.0
S311,B002,P001,11,1045.0,2024-06-07 08:00:00,95.0
S312,B002,P002,5,1000.0,2024-06-07 09:00:00,200.0
S313,B002,P003,7,1050.0,2024-06-07 10:00:00,150.0
S314,B002,P004,12,600.0,2024-06-07 11:00:00,50.0
S315,B002,P005,6,1200.0,2024-06-07 12:00:00,300.0
S316,B002,P006,14,975.0,2024-06-07 13:00:00,75.0
S317,B002,P007,9,1080.0,2024-06-07 14:00:00,120.0
S318,B002,P008,5,1600.0,2024-06-07 15:00:00,400.0
S319,B002,P009,7,1260.0,2024-06-07 16:00:00,180.0
S320,B002,P010,6,780.0,2024-06-07 17:00:00,130.0
S321,B003,P001,9,945.0,2024-06-07 08:00:00,105.0
S322,B003,P002,6,1200.0,2024-06-07 09:00:00,200.0
S323,B003,P003,8,1200.0,2024-06-07 10:00:00,150.0
S324,B003,P004,15,750.0,2024-06-07 11:00:00,50.0
S325,B003,P005,4,600.0,2024-06-07 12:00:00,300.0
S326,B003,P006,16,1200.0,2024-06-07 13:00:00,75.0
S327,B003,P007,7,840.0,2024-06-07 14:00:00,120.0
S328,B003,P008,5,2000.0,2024-06-07 15:00:00,400.0
S329,B003,P009,10,1800.0,2024-06-07 16:00:00,180.0
S330,B003,P010,4,520.0,2024-06-07 17:00:00,130.0
S331,B004,P001,6,600.0,2024-06-07 08:00:00,100.0
S332,B004,P002,7,1200.0,2024-06-07 09:00:00,200.0
S333,B004,P003,8,1350.0,2024-06-07 10:00:00,150.0
S334,B004,P004,12,600.0,2024-06-07 11:00:00,50.0
S335,B004,P005,5,1000.0,2024-06-07 12:00:00,300.0
S336,B004,P006,13,1050.0,2024-06-07 13:00:00,75.0
S337,B004,P007,8,1080.0,2024-06-07 14:00:00,120.0
S338,B004,P008,6,1600.0,2024-06-07 15:00:00,400.0
S339,B004,P009,7,1260.0,2024-06-07 16:00:00,180.0
S340,B004,P010,4,650.0,2024-06-07 17:00:00,130.0
S341,B005,P001,8,800.0,2024-06-07 08:00:00,100.0
S342,B005,P002,7,1400.0,2024-06-07 09:00:00,200.0
S343,B005,P003,6,1200.0,2024-06-07 10:00:00,150.0
S344,B005,P004,10,500.0,2024-06-07 11:00:00,50.0
S345,B005,P005,6,1500.0,2024-06-07 12:00:00,300.0
S346,B005,P006,13,975.0,2024-06-07 13:00:00,75.0
S347,B005,P007,8,960.0,2024-06-07 14:00:00,120.0
S348,B005,P008,4,2000.0,2024-06-07 15:00:00,400.0
S349,B005,P009,9,1620.0,2024-06-07 16:00:00,180.0
S350,B005,P010,6,780.0,2024-06-07 17:00:00,130.0
S351,B001,P001,11,1100.0,2024-06-08 08:00:00,100.0
S352,B001,P002,8,1600.0,2024-06-08 09:00:00,200.0
S353,B001,P003,7,1050.0,2024-06-08 10:00:00,150.0
S354,B001,P004,13,650.0,2024-06-08 11:00:00,50.0
S355,B001,P005,5,1500.0,2024-06-08 12:00:00,300.0
S356,B001,P006,14,1050.0,2024-06-08 13:00:00,75.0
S357,B001,P007,8,960.0,2024-06-08 14:00:00,120.0
S358,B001,P008,6,2400.0,2024-06-08 15:00:00,400.0
S359,B001,P009,9,1620.0,2024-06-08 16:00:00,180.0
S360,B001,P010,6,780.0,2024-06-08 17:00:00,130.0
S361,B002,P001,12,1140.0,2024-06-08 08:00:00,95.0
S362,B002,P002,6,1200.0,2024-06-08 09:00:00,200.0
S363,B002,P003,7,1050.0,2024-06-08 10:00:00,150.0
S364,B002,P004,11,600.0,2024-06-08 11:00:00,50.0
S365,B002,P005,7,1500.0,2024-06-08 12:00:00,300.0
S366,B002,P006,13,975.0,2024-06-08 13:00:00,75.0
S367,B002,P007,8,1080.0,2024-06-08 14:00:00,120.0
S368,B002,P008,5,2000.0,2024-06-08 15:00:00,400.0
S369,B002,P009,6,1260.0,2024-06-08 16:00:00,180.0
S370,B002,P010,5,650.0,2024-06-08 17:00:00,130.0
S371,B003,P001,10,1000.0,2024-06-08 08:00:00,100.0
S372,B003,P002,7,1050.0,2024-06-08 09:00:00,200.0
S373,B003,P003,8,1200.0,2024-06-08 10:00:00,150.0
S374,B003,P004,12,600.0,2024-06-08 11:00:00,50.0
S375,B003,P005,5,800.0,2024-06-08 12:00:00,300.0
S376,B003,P006,16,1200.0,2024-06-08 13:00:00,75.0
S377,B003,P007,9,1080.0,2024-06-08 14:00:00,120.0
S378,B003,P008,6,2400.0,2024-06-08 15:00:00,400.0
S379,B003,P009,8,1620.0,2024-06-08 16:00:00,180.0
S380,B003,P010,7,780.0,2024-06-08 17:00:00,130.0
S381,B004,P001,7,700.0,2024-06-08 08:00:00,100.0
S382,B004,P002,6,1200.0,2024-06-08 09:00:00,200.0
S383,B004,P003,8,1350.0,2024-06-08 10:00:00,150.0
S384,B004,P004,12,600.0,2024-06-08 11:00:00,50.0
S385,B004,P005,5,1000.0,2024-06-08 12:00:00,300.0
S386,B004,P006,12,1050.0,2024-06-08 13:00:00,75.0
S387,B004,P007,9,1080.0,2024-06-08 14:00:00,120.0
S388,B004,P008,5,1600.0,2024-06-08 15:00:00,400.0
S389,B004,P009,6,1260.0,2024-06-08 16:00:00,180.0
S390,B004,P010,8,650.0,2024-06-08 17:00:00,130.0
S391,B005,P001,9,900.0,2024-06-08 08:00:00,100.0
S392,B005,P002,8,1400.0,2024-06-08 09:00:00,200.0
S393,B005,P003,5,1050.0,2024-06-08 10:00:00,150.0
S394,B005,P004,14,700.0,2024-06-08 11:00:00,50.0
S395,B005,P005,7,1500.0,2024-06-08 12:00:00,300.0
S396,B005,P006,15,1050.0,2024-06-08 13:00:00,75.0
S397,B005,P007,6,960.0,2024-06-08 14:00:00,120.0
S398,B005,P008,5,2000.0,2024-06-08 15:00:00,400.0
S399,B005,P009,10,1620.0,2024-06-08 16:00:00,180.0
S400,B005,P010,6,780.0,2024-06-08 17:00:00,130.0
S401,B001,P001,12,1200.0,2024-06-09 08:00:00,100.0
S402,B001,P002,7,1400.0,2024-06-09 09:00:00,200.0
S403,B001,P003,9,1350.0,2024-06-09 10:00:00,150.0
S404,B001,P004,14,700.0,2024-06-09 11:00:00,50.0
S405,B001,P005,6,1800.0,2024-06-09 12:00:00,300.0
S406,B001,P006,15,1125.0,2024-06-09 13:00:00,75.0
S407,B001,P007,7,840.0,2024-06-09 14:00:00,120.0
S408,B001,P008,5,2000.0,2024-06-09 15:00:00,400.0
S409,B001,P009,11,1980.0,2024-06-09 16:00:00,180.0
S410,B001,P010,4,520.0,2024-06-09 17:00:00,130.0
S411,B002,P001,10,950.0,2024-06-09 08:00:00,95.0
S412,B002,P002,6,1200.0,2024-06-09 09:00:00,200.0
S413,B002,P003,7,1050.0,2024-06-09 10:00:00,150.0
S414,B002,P004,13,650.0,2024-06-09 11:00:00,50.0
S415,B002,P005,6,1500.0,2024-06-09 12:00:00,300.0
S416,B002,P006,14,975.0,2024-06-09 13:00:00,75.0
S417,B002,P007,8,1080.0,2024-06-09 14:00:00,120.0
S418,B002,P008,5,2000.0,2024-06-09 15:00:00,400.0
S419,B002,P009,9,1620.0,2024-06-09 16:00:00,180.0
S420,B002,P010,5,780.0,2024-06-09 17:00:00,130.0
S421,B003,P001,10,1000.0,2024-06-09 08:00:00,100.0
S422,B003,P002,8,1200.0,2024-06-09 09:00:00,200.0
S423,B003,P003,7,1050.0,2024-06-09 10:00:00,150.0
S424,B003,P004,12,600.0,2024-06-09 11:00:00,50.0
S425,B003,P005,5,800.0,2024-06-09 12:00:00,300.0
S426,B003,P006,16,1200.0,2024-06-09 13:00:00,75.0
S427,B003,P007,9,1080.0,2024-06-09 14:00:00,120.0
S428,B003,P008,6,2400.0,2024-06-09 15:00:00,400.0
S429,B003,P009,10,1800.0,2024-06-09 16:00:00,180.0
S430,B003,P010,5,520.0,2024-06-09 17:00:00,130.0
S431,B004,P001,6,600.0,2024-06-09 08:00:00,100.0
S432,B004,P002,7,1200.0,2024-06-09 09:00:00,200.0
S433,B004,P003,9,1350.0,2024-06-09 10:00:00,150.0
S434,B004,P004,12,600.0,2024-06-09 11:00:00,50.0
S435,B004,P005,5,1000.0,2024-06-09 12:00:00,300.0
S436,B004,P006,13,1050.0,2024-06-09 13:00:00,75.0
S437,B004,P007,8,1080.0,2024-06-09 14:00:00,120.0
S438,B004,P008,6,1600.0,2024-06-09 15:00:00,400.0
S439,B004,P009,7,1260.0,2024-06-09 16:00:00,180.0
S440,B004,P010,5,650.0,2024-06-09 17:00:00,130.0
S441,B005,P001,8,800.0,2024-06-09 08:00:00,100.0
S442,B005,P002,7,1400.0,2024-06-09 09:00:00,200.0
S443,B005,P003,6,1200.0,2024-06-09 10:00:00,150.0
S444,B005,P004,10,500.0,2024-06-09 11:00:00,50.0
S445,B005,P005,6,1500.0,2024-06-09 12:00:00,300.0
S446,B005,P006,14,975.0,2024-06-09 13:00:00,75.0
S447,B005,P007,7,960.0,2024-06-09 14:00:00,120.0
S448,B005,P008,5,2000.0,2024-06-09 15:00:00,400.0
S449,B005,P009,9,1620.0,2024-06-09 16:00:00,180.0
S450,B005,P010,4,780.0,2024-06-09 17:00:00,130.0
S451,B001,P001,11,1100.0,2024-06-10 08:00:00,100.0
S452,B001,P002,8,1400.0,2024-06-10 09:00:00,200.0
S453,B001,P003,7,1050.0,2024-06-10 10:00:00,150.0
S454,B001,P004,13,650.0,2024-06-10 11:00:00,50.0
S455,B001,P005,6,1800.0,2024-06-10 12:00:00,300.0
S456,B001,P006,14,1125.0,2024-06-10 13:00:00,75.0
S457,B001,P007,8,960.0,2024-06-10 14:00:00,120.0
S458,B001,P008,5,2000.0,2024-06-10 15:00:00,400.0
S459,B001,P009,10,1980.0,2024-06-10 16:00:00,180.0
S460,B001,P010,4,520.0,2024-06-10 17:00:00,130.0
S461,B002,P001,9,855.0,2024-06-10 08:00:00,95.0
S462,B002,P002,6,1200.0,2024-06-10 09:00:00,200.0
S463,B002,P003,7,1050.0,2024-06-10 10:00:00,150.0
S464,B002,P004,12,600.0,2024-06-10 11:00:00,50.0
S465,B002,P005,6,1500.0,2024-06-10 12:00:00,300.0
S466,B002,P006,14,975.0,2024-06-10 13:00:00,75.0
S467,B002,P007,7,1080.0,2024-06-10 14:00:00,120.0
S468,B002,P008,5,2000.0,2024-06-10 15:00:00,400.0
S469,B002,P009,8,1620.0,2024-06-10 16:00:00,180.0
S470,B002,P010,6,780.0,2024-06-10 17:00:00,130.0
S471,B003,P001,11,1100.0,2024-06-10 08:00:00,100.0
S472,B003,P002,8,1200.0,2024-06-10 09:00:00,200.0
S473,B003,P003,7,1050.0,2024-06-10 10:00:00,150.0
S474,B003,P004,12,600.0,2024-06-10 11:00:00,50.0
S475,B003,P005,6,800.0,2024-06-10 12:00:00,300.0
S476,B003,P006,15,1200.0,2024-06-10 13:00:00,75.0
S477,B003,P007,8,1080.0,2024-06-10 14:00:00,120.0
S478,B003,P008,5,2400.0,2024-06-10 15:00:00,400.0
S479,B003,P009,9,1620.0,2024-06-10 16:00:00,180.0
S480,B003,P010,7,780.0,2024-06-10 17:00:00,130.0
S481,B004,P001,7,700.0,2024-06-10 08:00:00,100.0
S482,B004,P002,6,1200.0,2024-06-10 09:00:00,200.0
S483,B004,P003,8,1350.0,2024-06-10 10:00:00,150.0
S484,B004,P004,12,600.0,2024-06-10 11:00:00,50.0
S485,B004,P005,5,1000.0,2024-06-10 12:00:00,300.0
S486,B004,P006,12,1050.0,2024-06-10 13:00:00,75.0
S487,B004,P007,8,1080.0,2024-06-10 14:00:00,120.0
S488,B004,P008,6,1600.0,2024-06-10 15:00:00,400.0
S489,B004,P009,7,1260.0,2024-06-10 16:00:00,180.0
S490,B004,P010,5,650.0,2024-06-10 17:00:00,130.0
S491,B005,P001,9,900.0,2024-06-10 08:00:00,100.0
S492,B005,P002,8,1400.0,2024-06-10 09:00:00,200.0
S493,B005,P003,5,1200.0,2024-06-10 10:00:00,150.0
S494,B005,P004,10,700.0,2024-06-10 11:00:00,50.0
S495,B005,P005,6,1500.0,2024-06-10 12:00:00,300.0
S496,B005,P006,15,1050.0,2024-06-10 13:00:00,75.0
S497,B005,P007,7,960.0,2024-06-10 14:00:00,120.0
S498,B005,P008,5,2000.0,2024-06-10 15:00:00,400.0
S499,B005,P009,9,1620.0,2024-06-10 16:00:00,180.0
S500,B005,P010,4,780.0,2024-06-10 17:00:00,130.0
S501,B001,P001,12,1200.0,2024-06-11 08:00:00,100.0
S502,B001,P002,7,1400.0,2024-06-11 09:00:00,200.0
S503,B001,P003,9,1350.0,2024-06-11 10:00:00,150.0
S504,B001,P004,14,700.0,2024-06-11 11:00:00,50.0
S505,B001,P005,6,1800.0,2024-06-11 12:00:00,300.0
S506,B001,P006,15,1125.0,2024-06-11 13:00:00,75.0
S507,B001,P007,7,840.0,2024-06-11 14:00:00,120.0
S508,B001,P008,5,2000.0,2024-06-11 15:00:00,400.0
S509,B001,P009,11,1980.0,2024-06-11 16:00:00,180.0
S510,B001,P010,4,520.0,2024-06-11 17:00:00,130.0
S511,B002,P001,10,950.0,2024-06-11 08:00:00,95.0
S512,B002,P002,6,1200.0,2024-06-11 09:00:00,200.0
S513,B002,P003,7,1050.0,2024-06-11 10:00:00,150.0
S514,B002,P004,13,650.0,2024-06-11 11:00:00,50.0
S515,B002,P005,6,1500.0,2024-06-11 12:00:00,300.0
S516,B002,P006,14,975.0,2024-06-11 13:00:00,75.0
S517,B002,P007,8,1080.0,2024-06-11 14:00:00,120.0
S518,B002,P008,5,2000.0,2024-06-11 15:00:00,400.0
S519,B002,P009,9,1620.0,2024-06-11 16:00:00,180.0
S520,B002,P010,5,780.0,2024-06-11 17:00:00,130.0
S521,B003,P001,10,1000.0,2024-06-11 08:00:00,100.0
S522,B003,P002,8,1200.0,2024-06-11 09:00:00,200.0
S523,B003,P003,7,1050.0,2024-06-11 10:00:00,150.0
S524,B003,P004,12,600.0,2024-06-11 11:00:00,50.0
S525,B003,P005,5,800.0,2024-06-11 12:00:00,300.0
S526,B003,P006,16,1200.0,2024-06-11 13:00:00,75.0
S527,B003,P007,9,1080.0,2024-06-11 14:00:00,120.0
S528,B003,P008,6,2400.0,2024-06-11 15:00:00,400.0
S529,B003,P009,10,1800.0,2024-06-11 16:00:00,180.0
S530,B003,P010,5,520.0,2024-06-11 17:00:00,130.0
S531,B004,P001,6,600.0,2024-06-11 08:00:00,100.0
S532,B004,P002,7,1200.0,2024-06-11 09:00:00,200.0
S533,B004,P003,9,1350.0,2024-06-11 10:00:00,150.0
S534,B004,P004,12,600.0,2024-06-11 11:00:00,50.0
S535,B004,P005,5,1000.0,2024-06-11 12:00:00,300.0
S536,B004,P006,13,1050.0,2024-06-11 13:00:00,75.0
S537,B004,P007,8,1080.0,2024-06-11 14:00:00,120.0
S538,B004,P008,6,1600.0,2024-06-11 15:00:00,400.0
S539,B004,P009,7,1260.0,2024-06-11 16:00:00,180.0
S540,B004,P010,5,650.0,2024-06-11 17:00:00,130.0
S541,B005,P001,8,800.0,2024-06-11 08:00:00,100.0
S542,B005,P002,7,1400.0,2024-06-11 09:00:00,200.0
S543,B005,P003,6,1200.0,2024-06-11 10:00:00,150.0
S544,B005,P004,10,500.0,2024-06-11 11:00:00,50.0
S545,B005,P005,6,1500.0,2024-06-11 12:00:00,300.0
S546,B005,P006,14,975.0,2024-06-11 13:00:00,75.0
S547,B005,P007,7,960.0,2024-06-11 14:00:00,120.0
S548,B005,P008,5,2000.0,2024-06-11 15:00:00,400.0
S549,B005,P009,9,1620.0,2024-06-11 16:00:00,180.0
S550,B005,P010,4,780.0,2024-06-11 17:00:00,130.0
S551,B001,P001,11,1100.0,2024-06-12 08:00:00,100.0
S552,B001,P002,8,1400.0,2024-06-12 09:00:00,200.0
S553,B001,P003,7,1050.0,2024-06-12 10:00:00,150.0
S554,B001,P004,13,650.0,2024-06-12 11:00:00,50.0
S555,B001,P005,6,1800.0,2024-06-12 12:00:00,300.0
S556,B001,P006,14,1125.0,2024-06-12 13:00:00,75.0
S557,B001,P007,8,960.0,2024-06-12 14:00:00,120.0
S558,B001,P008,5,2000.0,2024-06-12 15:00:00,400.0
S559,B001,P009,10,1980.0,2024-06-12 16:00:00,180.0
S560,B001,P010,4,520.0,2024-06-12 17:00:00,130.0
S561,B002,P001,9,855.0,2024-06-12 08:00:00,95.0
S562,B002,P002,6,1200.0,2024-06-12 09:00:00,200.0
S563,B002,P003,7,1050.0,2024-06-12 10:00:00,150.0
S564,B002,P004,12,600.0,2024-06-12 11:00:00,50.0
S565,B002,P005,6,1500.0,2024-06-12 12:00:00,300.0
S566,B002,P006,14,975.0,2024-06-12 13:00:00,75.0
S567,B002,P007,8,1080.0,2024-06-12 14:00:00,120.0
S568,B002,P008,5,2000.0,2024-06-12 15:00:00,400.0
S569,B002,P009,9,1620.0,2024-06-12 16:00:00,180.0
S570,B002,P010,5,780.0,2024-06-12 17:00:00,130.0
S571,B003,P001,12,1200.0,2024-06-12 08:00:00,100.0
S572,B003,P002,8,1200.0,2024-06-12 09:00:00,200.0
S573,B003,P003,7,1050.0,2024-06-12 10:00:00,150.0
S574,B003,P004,13,650.0,2024-06-12 11:00:00,50.0
S575,B003,P005,6,800.0,2024-06-12 12:00:00,300.0
S576,B003,P006,16,1200.0,2024-06-12 13:00:00,75.0
S577,B003,P007,8,1080.0,2024-06-12 14:00:00,120.0
S578,B003,P008,6,2400.0,2024-06-12 15:00:00,400.0
S579,B003,P009,10,1800.0,2024-06-12 16:00:00,180.0
S580,B003,P010,5,520.0,2024-06-12 17:00:00,130.0
S581,B004,P001,7,700.0,2024-06-12 08:00:00,100.0
S582,B004,P002,6,1200.0,2024-06-12 09:00:00,200.0
S583,B004,P003,8,1350.0,2024-06-12 10:00:00,150.0
S584,B004,P004,12,600.0,2024-06-12 11:00:00,50.0
S585,B004,P005,5,1000.0,2024-06-12 12:00:00,300.0
S586,B004,P006,12,1050.0,2024-06-12 13:00:00,75.0
S587,B004,P007,8,1080.0,2024-06-12 14:00:00,120.0
S588,B004,P008,6,1600.0,2024-06-12 15:00:00,400.0
S589,B004,P009,7,1260.0,2024-06-12 16:00:00,180.0
S590,B004,P010,5,650.0,2024-06-12 17:00:00,130.0
S591,B005,P001,7,700.0,2024-06-12 08:00:00,100.0
S592,B005,P002,6,1400.0,2024-06-12 09:00:00,200.0
S593,B005,P003,5,1200.0,2024-06-12 10:00:00,150.0
S594,B005,P004,10,700.0,2024-06-12 11:00:00,50.0
S595,B005,P005,6,1500.0,2024-06-12 12:00:00,300.0
S596,B005,P006,14,975.0,2024-06-12 13:00:00,75.0
S597,B005,P007,8,960.0,2024-06-12 14:00:00,120.0
S598,B005,P008,5,2000.0,2024-06-12 15:00:00,400.0
S599,B005,P009,9,1620.0,2024-06-12 16:00:00,180.0
S600,B005,P010,4,780.0,2024-06-12 17:00:00,130.0
S601,B001,P001,13,1300.0,2024-06-13 08:00:00,100.0
S602,B001,P002,9,1800.0,2024-06-13 09:00:00,200.0
S603,B001,P003,8,1200.0,2024-06-13 10:00:00,150.0
S604,B001,P004,15,750.0,2024-06-13 11:00:00,50.0
S605,B001,P005,7,2100.0,2024-06-13 12:00:00,300.0
S606,B001,P006,16,1125.0,2024-06-13 13:00:00,75.0
S607,B001,P007,8,1080.0,2024-06-13 14:00:00,120.0
S608,B001,P008,6,2400.0,2024-06-13 15:00:00,400.0
S609,B001,P009,12,2160.0,2024-06-13 16:00:00,180.0
S610,B001,P010,5,650.0,2024-06-13 17:00:00,130.0
S611,B002,P001,11,1045.0,2024-06-13 08:00:00,95.0
S612,B002,P002,8,1600.0,2024-06-13 09:00:00,200.0
S613,B002,P003,6,1050.0,2024-06-13 10:00:00,150.0
S614,B002,P004,12,720.0,2024-06-13 11:00:00,50.0
S615,B002,P005,7,1500.0,2024-06-13 12:00:00,300.0
S616,B002,P006,16,1050.0,2024-06-13 13:00:00,75.0
S617,B002,P007,8,1080.0,2024-06-13 14:00:00,120.0
S618,B002,P008,6,2000.0,2024-06-13 15:00:00,400.0
S619,B002,P009,10,1620.0,2024-06-13 16:00:00,180.0
S620,B002,P010,6,780.0,2024-06-13 17:00:00,130.0
S621,B003,P001,13,1300.0,2024-06-13 08:00:00,100.0
S622,B003,P002,9,1200.0,2024-06-13 09:00:00,200.0
S623,B003,P003,8,1200.0,2024-06-13 10:00:00,150.0
S624,B003,P004,15,750.0,2024-06-13 11:00:00,50.0
S625,B003,P005,6,800.0,2024-06-13 12:00:00,300.0
S626,B003,P006,16,1200.0,2024-06-13 13:00:00,75.0
S627,B003,P007,9,1080.0,2024-06-13 14:00:00,120.0
S628,B003,P008,7,2400.0,2024-06-13 15:00:00,400.0
S629,B003,P009,11,1980.0,2024-06-13 16:00:00,180.0
S630,B003,P010,5,520.0,2024-06-13 17:00:00,130.0
S631,B004,P001,8,800.0,2024-06-13 08:00:00,100.0
S632,B004,P002,7,1400.0,2024-06-13 09:00:00,200.0
S633,B004,P003,6,1200.0,2024-06-13 10:00:00,150.0
S634,B004,P004,12,600.0,2024-06-13 11:00:00,50.0
S635,B004,P005,6,1000.0,2024-06-13 12:00:00,300.0
S636,B004,P006,14,1050.0,2024-06-13 13:00:00,75.0
S637,B004,P007,9,1080.0,2024-06-13 14:00:00,120.0
S638,B004,P008,6,1600.0,2024-06-13 15:00:00,400.0
S639,B004,P009,7,1260.0,2024-06-13 16:00:00,180.0
S640,B004,P010,5,650.0,2024-06-13 17:00:00,130.0
S641,B005,P001,9,900.0,2024-06-13 08:00:00,100.0
S642,B005,P002,6,1200.0,2024-06-13 09:00:00,200.0
S643,B005,P003,8,1400.0,2024-06-13 10:00:00,150.0
S644,B005,P004,10,700.0,2024-06-13 11:00:00,50.0
S645,B005,P005,6,1500.0,2024-06-13 12:00:00,300.0
S646,B005,P006,15,975.0,2024-06-13 13:00:00,75.0
S647,B005,P007,7,960.0,2024-06-13 14:00:00,120.0
S648,B005,P008,5,2000.0,2024-06-13 15:00:00,400.0
S649,B005,P009,8,1440.0,2024-06-13 16:00:00,180.0
S650,B005,P010,4,780.0,2024-06-13 17:00:00,130.0
S651,B001,P001,14,1400.0,2024-06-14 08:00:00,100.0
S652,B001,P002,8,1600.0,2024-06-14 09:00:00,200.0
S653,B001,P003,7,1050.0,2024-06-14 10:00:00,150.0
S654,B001,P004,13,650.0,2024-06-14 11:00:00,50.0
S655,B001,P005,6,1800.0,2024-06-14 12:00:00,300.0
S656,B001,P006,16,1125.0,2024-06-14 13:00:00,75.0
S657,B001,P007,9,1080.0,2024-06-14 14:00:00,120.0
S658,B001,P008,7,2400.0,2024-06-14 15:00:00,400.0
S659,B001,P009,10,1980.0,2024-06-14 16:00:00,180.0
S660,B001,P010,6,780.0,2024-06-14 17:00:00,130.0
S661,B002,P001,12,1140.0,2024-06-14 08:00:00,95.0
S662,B002,P002,9,1400.0,2024-06-14 09:00:00,200.0
S663,B002,P003,8,1050.0,2024-06-14 10:00:00,150.0
S664,B002,P004,13,780.0,2024-06-14 11:00:00,50.0
S665,B002,P005,7,1500.0,2024-06-14 12:00:00,300.0
S666,B002,P006,15,1050.0,2024-06-14 13:00:00,75.0
S667,B002,P007,9,1080.0,2024-06-14 14:00:00,120.0
S668,B002,P008,6,2000.0,2024-06-14 15:00:00,400.0
S669,B002,P009,10,1620.0,2024-06-14 16:00:00,180.0
S670,B002,P010,6,780.0,2024-06-14 17:00:00,130.0
S671,B003,P001,12,1200.0,2024-06-14 08:00:00,100.0
S672,B003,P002,8,1200.0,2024-06-14 09:00:00,200.0
S673,B003,P003,7,1050.0,2024-06-14 10:00:00,150.0
S674,B003,P004,14,700.0,2024-06-14 11:00:00,50.0
S675,B003,P005,7,1050.0,2024-06-14 12:00:00,300.0
S676,B003,P006,16,1200.0,2024-06-14 13:00:00,75.0
S677,B003,P007,10,1080.0,2024-06-14 14:00:00,120.0
S678,B003,P008,8,2400.0,2024-06-14 15:00:00,400.0
S679,B003,P009,12,2160.0,2024-06-14 16:00:00,180.0
S680,B003,P010,6,520.0,2024-06-14 17:00:00,130.0
S681,B004,P001,9,900.0,2024-06-14 08:00:00,100.0
S682,B004,P002,8,1400.0,2024-06-14 09:00:00,200.0
S683,B004,P003,7,1050.0,2024-06-14 10:00:00,150.0
S684,B004,P004,14,700.0,2024-06-14 11:00:00,50.0
S685,B004,P005,6,1000.0,2024-06-14 12:00:00,300.0
S686,B004,P006,13,1050.0,2024-06-14 13:00:00,75.0
S687,B004,P007,9,1080.0,2024-06-14 14:00:00,120.0
S688,B004,P008,5,1600.0,2024-06-14 15:00:00,400.0
S689,B004,P009,7,1260.0,2024-06-14 16:00:00,180.0
S690,B004,P010,6,650.0,2024-06-14 17:00:00,130.0
S691,B005,P001,10,1000.0,2024-06-14 08:00:00,100.0
S692,B005,P002,7,1400.0,2024-06-14 09:00:00,200.0
S693,B005,P003,8,1200.0,2024-06-14 10:00:00,150.0
S694,B005,P004,12,600.0,2024-06-14 11:00:00,50.0
S695,B005,P005,6,1500.0,2024-06-14 12:00:00,300.0
S696,B005,P006,16,975.0,2024-06-14 13:00:00,75.0
S697,B005,P007,8,1080.0,2024-06-14 14:00:00,120.0
S698,B005,P008,5,2000.0,2024-06-14 15:00:00,400.0
S699,B005,P009,10,1620.0,2024-06-14 16:00:00,180.0
S700,B005,P010,6,780.0,2024-06-14 17:00:00,130.0
S701,B001,P001,11,1100.0,2024-06-15 08:00:00,100.0
S702,B001,P002,7,1400.0,2024-06-15 09:00:00,200.0
S703,B001,P003,6,900.0,2024-06-15 10:00:00,150.0
S704,B001,P004,14,700.0,2024-06-15 11:00:00,50.0
S705,B001,P005,8,2400.0,2024-06-15 12:00:00,300.0
S706,B001,P006,17,1275.0,2024-06-15 13:00:00,75.0
S707,B001,P007,11,1320.0,2024-06-15 14:00:00,120.0
S708,B001,P008,9,3600.0,2024-06-15 15:00:00,400.0
S709,B001,P009,11,1980.0,2024-06-15 16:00:00,180.0
S710,B001,P010,7,910.0,2024-06-15 17:00:00,130.0
S711,B002,P001,10,950.0,2024-06-15 08:00:00,95.0
S712,B002,P002,8,1600.0,2024-06-15 09:00:00,200.0
S713,B002,P003,7,1050.0,2024-06-15 10:00:00,150.0
S714,B002,P004,15,750.0,2024-06-15 11:00:00,50.0
S715,B002,P005,6,1800.0,2024-06-15 12:00:00,300.0
S716,B002,P006,14,1050.0,2024-06-15 13:00:00,75.0
S717,B002,P007,11,1320.0,2024-06-15 14:00:00,120.0
S718,B002,P008,5,2000.0,2024-06-15 15:00:00,400.0
S719,B002,P009,8,1440.0,2024-06-15 16:00:00,180.0
S720,B002,P010,6,780.0,2024-06-15 17:00:00,130.0
S721,B003,P001,13,1300.0,2024-06-15 08:00:00,100.0
S722,B003,P002,9,1800.0,2024-06-15 09:00:00,200.0
S723,B003,P003,7,1050.0,2024-06-15 10:00:00,150.0
S724,B003,P004,12,600.0,2024-06-15 11:00:00,50.0
S725,B003,P005,6,1050.0,2024-06-15 12:00:00,300.0
S726,B003,P006,17,1275.0,2024-06-15 13:00:00,75.0
S727,B003,P007,8,960.0,2024-06-15 14:00:00,120.0
S728,B003,P008,9,2160.0,2024-06-15 15:00:00,400.0
S729,B003,P009,11,1980.0,2024-06-15 16:00:00,180.0
S730,B003,P010,7,910.0,2024-06-15 17:00:00,130.0
S731,B004,P001,10,1000.0,2024-06-15 08:00:00,100.0
S732,B004,P002,7,1400.0,2024-06-15 09:00:00,200.0
S733,B004,P003,6,1050.0,2024-06-15 10:00:00,150.0
S734,B004,P004,12,600.0,2024-06-15 11:00:00,50.0
S735,B004,P005,5,1200.0,2024-06-15 12:00:00,300.0
S736,B004,P006,14,1050.0,2024-06-15 13:00:00,75.0
S737,B004,P007,8,1080.0,2024-06-15 14:00:00,120.0
S738,B004,P008,9,1600.0,2024-06-15 15:00:00,400.0
S739,B004,P009,6,1260.0,2024-06-15 16:00:00,180.0
S740,B004,P010,5,650.0,2024-06-15 17:00:00,130.0
S741,B005,P001,11,1100.0,2024-06-15 08:00:00,100.0
S742,B005,P002,9,1800.0,2024-06-15 09:00:00,200.0
S743,B005,P003,7,1050.0,2024-06-15 10:00:00,150.0
S744,B005,P004,12,600.0,2024-06-15 11:00:00,50.0
S745,B005,P005,8,1800.0,2024-06-15 12:00:00,300.0
S746,B005,P006,14,1050.0,2024-06-15 13:00:00,75.0
S747,B005,P007,7,1440.0,2024-06-15 14:00:00,120.0
S748,B005,P008,5,2000.0,2024-06-15 15:00:00,400.0
S749,B005,P009,9,1620.0,2024-06-15 16:00:00,180.0
S750,B005,P010,6,780.0,2024-06-15 17:00:00,130.0
S751,B001,P001,10,1000.0,2024-06-16 08:00:00,100.0
S752,B001,P002,7,1400.0,2024-06-16 09:00:00,200.0
S753,B001,P003,6,900.0,2024-06-16 10:00:00,150.0
S754,B001,P004,13,650.0,2024-06-16 11:00:00,50.0
S755,B001,P005,8,1800.0,2024-06-16 12:00:00,300.0
S756,B001,P006,16,1200.0,2024-06-16 13:00:00,75.0
S757,B001,P007,9,1080.0,2024-06-16 14:00:00,120.0
S758,B001,P008,7,2400.0,2024-06-16 15:00:00,400.0
S759,B001,P009,10,1980.0,2024-06-16 16:00:00,180.0
S760,B001,P010,6,780.0,2024-06-16 17:00:00,130.0
S761,B002,P001,12,1140.0,2024-06-16 08:00:00,95.0
S762,B002,P002,8,1600.0,2024-06-16 09:00:00,200.0
S763,B002,P003,7,1050.0,2024-06-16 10:00:00,150.0
S764,B002,P004,14,700.0,2024-06-16 11:00:00,50.0
S765,B002,P005,6,1500.0,2024-06-16 12:00:00,300.0
S766,B002,P006,15,1050.0,2024-06-16 13:00:00,75.0
S767,B002,P007,10,1200.0,2024-06-16 14:00:00,120.0
S768,B002,P008,4,1600.0,2024-06-16 15:00:00,400.0
S769,B002,P009,8,1440.0,2024-06-16 16:00:00,180.0
S770,B002,P010,5,650.0,2024-06-16 17:00:00,130.0
S771,B003,P001,11,1100.0,2024-06-16 08:00:00,100.0
S772,B003,P002,7,1400.0,2024-06-16 09:00:00,200.0
S773,B003,P003,6,900.0,2024-06-16 10:00:00,150.0
S774,B003,P004,12,600.0,2024-06-16 11:00:00,50.0
S775,B003,P005,5,1050.0,2024-06-16 12:00:00,300.0
S776,B003,P006,15,1125.0,2024-06-16 13:00:00,75.0
S777,B003,P007,8,960.0,2024-06-16 14:00:00,120.0
S778,B003,P008,7,2160.0,2024-06-16 15:00:00,400.0
S779,B003,P009,10,1980.0,2024-06-16 16:00:00,180.0
S780,B003,P010,6,780.0,2024-06-16 17:00:00,130.0
S781,B004,P001,9,900.0,2024-06-16 08:00:00,100.0
S782,B004,P002,8,1600.0,2024-06-16 09:00:00,200.0
S783,B004,P003,5,750.0,2024-06-16 10:00:00,150.0
S784,B004,P004,14,700.0,2024-06-16 11:00:00,50.0
S785,B004,P005,6,1500.0,2024-06-16 12:00:00,300.0
S786,B004,P006,12,1050.0,2024-06-16 13:00:00,75.0
S787,B004,P007,8,1080.0,2024-06-16 14:00:00,120.0
S788,B004,P008,5,2000.0,2024-06-16 15:00:00,400.0
S789,B004,P009,7,1260.0,2024-06-16 16:00:00,180.0
S790,B004,P010,6,780.0,2024-06-16 17:00:00,130.0
S791,B005,P001,10,1000.0,2024-06-16 08:00:00,100.0
S792,B005,P002,7,1400.0,2024-06-16 09:00:00,200.0
S793,B005,P003,6,900.0,2024-06-16 10:00:00,150.0
S794,B005,P004,12,600.0,2024-06-16 11:00:00,50.0
S795,B005,P005,8,1800.0,2024-06-16 12:00:00,300.0
S796,B005,P006,15,1050.0,2024-06-16 13:00:00,75.0
S797,B005,P007,7,1440.0,2024-06-16 14:00:00,120.0
S798,B005,P008,6,2000.0,2024-06-16 15:00:00,400.0
S799,B005,P009,9,1620.0,2024-06-16 16:00:00,180.0
S800,B005,P010,6,780.0,2024-06-16 17:00:00,130.0
S801,B001,P001,12,1200.0,2024-06-17 08:00:00,100.0
S802,B001,P002,8,1600.0,2024-06-17 09:00:00,200.0
S803,B001,P003,7,1050.0,2024-06-17 10:00:00,150.0
S804,B001,P004,15,750.0,2024-06-17 11:00:00,50.0
S805,B001,P005,9,2700.0,2024-06-17 12:00:00,300.0
S806,B001,P006,18,1350.0,2024-06-17 13:00:00,75.0
S807,B001,P007,10,1200.0,2024-06-17 14:00:00,120.0
S808,B001,P008,8,3200.0,2024-06-17 15:00:00,400.0
S809,B001,P009,10,1800.0,2024-06-17 16:00:00,180.0
S810,B001,P010,7,910.0,2024-06-17 17:00:00,130.0
S811,B002,P001,11,1045.0,2024-06-17 08:00:00,95.0
S812,B002,P002,8,1600.0,2024-06-17 09:00:00,200.0
S813,B002,P003,6,900.0,2024-06-17 10:00:00,150.0
S814,B002,P004,14,700.0,2024-06-17 11:00:00,50.0
S815,B002,P005,7,2100.0,2024-06-17 12:00:00,300.0
S816,B002,P006,15,1050.0,2024-06-17 13:00:00,75.0
S817,B002,P007,10,1200.0,2024-06-17 14:00:00,120.0
S818,B002,P008,6,2000.0,2024-06-17 15:00:00,400.0
S819,B002,P009,9,1620.0,2024-06-17 16:00:00,180.0
S820,B002,P010,6,780.0,2024-06-17 17:00:00,130.0
S821,B003,P001,11,1100.0,2024-06-17 08:00:00,100.0
S822,B003,P002,7,1400.0,2024-06-17 09:00:00,200.0
S823,B003,P003,6,900.0,2024-06-17 10:00:00,150.0
S824,B003,P004,12,600.0,2024-06-17 11:00:00,50.0
S825,B003,P005,5,1050.0,2024-06-17 12:00:00,300.0
S826,B003,P006,17,1275.0,2024-06-17 13:00:00,75.0
S827,B003,P007,8,960.0,2024-06-17 14:00:00,120.0
S828,B003,P008,9,2160.0,2024-06-17 15:00:00,400.0
S829,B003,P009,11,1980.0,2024-06-17 16:00:00,180.0
S830,B003,P010,7,910.0,2024-06-17 17:00:00,130.0
S831,B004,P001,10,1000.0,2024-06-17 08:00:00,100.0
S832,B004,P002,6,1200.0,2024-06-17 09:00:00,200.0
S833,B004,P003,7,1050.0,2024-06-17 10:00:00,150.0
S834,B004,P004,12,600.0,2024-06-17 11:00:00,50.0
S835,B004,P005,7,1400.0,2024-06-17 12:00:00,300.0
S836,B004,P006,14,1050.0,2024-06-17 13:00:00,75.0
S837,B004,P007,9,1080.0,2024-06-17 14:00:00,120.0
S838,B004,P008,5,2000.0,2024-06-17 15:00:00,400.0
S839,B004,P009,8,1440.0,2024-06-17 16:00:00,180.0
S840,B004,P010,5,650.0,2024-06-17 17:00:00,130.0
S841,B005,P001,10,1000.0,2024-06-17 08:00:00,100.0
S842,B005,P002,7,1400.0,2024-06-17 09:00:00,200.0
S843,B005,P003,6,900.0,2024-06-17 10:00:00,150.0
S844,B005,P004,13,650.0,2024-06-17 11:00:00,50.0
S845,B005,P005,8,1600.0,2024-06-17 12:00:00,300.0
S846,B005,P006,15,1050.0,2024-06-17 13:00:00,75.0
S847,B005,P007,9,1440.0,2024-06-17 14:00:00,120.0
S848,B005,P008,5,2000.0,2024-06-17 15:00:00,400.0
S849,B005,P009,6,1260.0,2024-06-17 16:00:00,180.0
S850,B005,P010,4,520.0,2024-06-17 17:00:00,130.0
S851,B001,P001,12,1200.0,2024-06-18 08:00:00,100.0
S852,B001,P002,9,1800.0,2024-06-18 09:00:00,200.0
S853,B001,P003,7,1050.0,2024-06-18 10:00:00,150.0
S854,B001,P004,12,600.0,2024-06-18 11:00:00,50.0
S855,B001,P005,8,2400.0,2024-06-18 12:00:00,300.0
S856,B001,P006,15,1200.0,2024-06-18 13:00:00,75.0
S857,B001,P007,11,1320.0,2024-06-18 14:00:00,120.0
S858,B001,P008,6,2400.0,2024-06-18 15:00:00,400.0
S859,B001,P009,10,1980.0,2024-06-18 16:00:00,180.0
S860,B001,P010,7,910.0,2024-06-18 17:00:00,130.0
S861,B002,P001,10,950.0,2024-06-18 08:00:00,95.0
S862,B002,P002,8,1600.0,2024-06-18 09:00:00,200.0
S863,B002,P003,7,1050.0,2024-06-18 10:00:00,150.0
S864,B002,P004,13,650.0,2024-06-18 11:00:00,50.0
S865,B002,P005,9,1800.0,2024-06-18 12:00:00,300.0
S866,B002,P006,14,1050.0,2024-06-18 13:00:00,75.0
S867,B002,P007,8,960.0,2024-06-18 14:00:00,120.0
S868,B002,P008,6,2000.0,2024-06-18 15:00:00,400.0
S869,B002,P009,9,1440.0,2024-06-18 16:00:00,180.0
S870,B002,P010,6,780.0,2024-06-18 17:00:00,130.0
S871,B003,P001,12,1200.0,2024-06-18 08:00:00,100.0
S872,B003,P002,7,1400.0,2024-06-18 09:00:00,200.0
S873,B003,P003,8,1080.0,2024-06-18 10:00:00,150.0
S874,B003,P004,14,700.0,2024-06-18 11:00:00,50.0
S875,B003,P005,5,1200.0,2024-06-18 12:00:00,300.0
S876,B003,P006,15,1275.0,2024-06-18 13:00:00,75.0
S877,B003,P007,9,1080.0,2024-06-18 14:00:00,120.0
S878,B003,P008,6,2000.0,2024-06-18 15:00:00,400.0
S879,B003,P009,10,1980.0,2024-06-18 16:00:00,180.0
S880,B003,P010,7,780.0,2024-06-18 17:00:00,130.0
S881,B004,P001,10,1000.0,2024-06-18 08:00:00,100.0
S882,B004,P002,7,1400.0,2024-06-18 09:00:00,200.0
S883,B004,P003,6,1050.0,2024-06-18 10:00:00,150.0
S884,B004,P004,13,650.0,2024-06-18 11:00:00,50.0
S885,B004,P005,8,1600.0,2024-06-18 12:00:00,300.0
S886,B004,P006,12,1050.0,2024-06-18 13:00:00,75.0
S887,B004,P007,9,1080.0,2024-06-18 14:00:00,120.0
S888,B004,P008,5,2000.0,2024-06-18 15:00:00,400.0
S889,B004,P009,7,1260.0,2024-06-18 16:00:00,180.0
S890,B004,P010,6,780.0,2024-06-18 17:00:00,130.0
S891,B005,P001,12,1200.0,2024-06-18 08:00:00,100.0
S892,B005,P002,7,1400.0,2024-06-18 09:00:00,200.0
S893,B005,P003,6,900.0,2024-06-18 10:00:00,150.0
S894,B005,P004,14,700.0,2024-06-18 11:00:00,50.0
S895,B005,P005,8,2400.0,2024-06-18 12:00:00,300.0
S896,B005,P006,13,1275.0,2024-06-18 13:00:00,75.0
S897,B005,P007,7,1440.0,2024-06-18 14:00:00,120.0
S898,B005,P008,5,2000.0,2024-06-18 15:00:00,400.0
S899,B005,P009,10,1620.0,2024-06-18 16:00:00,180.0
S900,B005,P010,6,780.0,2024-06-18 17:00:00,130.0
S901,B001,P001,10,1000.0,2024-06-19 08:00:00,100.0
S902,B001,P002,6,1200.0,2024-06-19 09:00:00,200.0
S903,B001,P003,7,1050.0,2024-06-19 10:00:00,150.0
S904,B001,P004,14,700.0,2024-06-19 11:00:00,50.0
S905,B001,P005,8,2400.0,2024-06-19 12:00:00,300.0
S906,B001,P006,16,1200.0,2024-06-19 13:00:00,75.0
S907,B001,P007,12,1440.0,2024-06-19 14:00:00,120.0
S908,B001,P008,5,2000.0,2024-06-19 15:00:00,400.0
S909,B001,P009,11,1980.0,2024-06-19 16:00:00,180.0
S910,B001,P010,7,910.0,2024-06-19 17:00:00,130.0
S911,B002,P001,9,855.0,2024-06-19 08:00:00,95.0
S912,B002,P002,8,1600.0,2024-06-19 09:00:00,200.0
S913,B002,P003,7,1050.0,2024-06-19 10:00:00,150.0
S914,B002,P004,14,650.0,2024-06-19 11:00:00,50.0
S915,B002,P005,9,1800.0,2024-06-19 12:00:00,300.0
S916,B002,P006,15,1050.0,2024-06-19 13:00:00,75.0
S917,B002,P007,10,1200.0,2024-06-19 14:00:00,120.0
S918,B002,P008,6,2000.0,2024-06-19 15:00:00,400.0
S919,B002,P009,10,1440.0,2024-06-19 16:00:00,180.0
S920,B002,P010,5,780.0,2024-06-19 17:00:00,130.0
S921,B003,P001,11,1100.0,2024-06-19 08:00:00,100.0
S922,B003,P002,9,1620.0,2024-06-19 09:00:00,200.0
S923,B003,P003,7,1050.0,2024-06-19 10:00:00,150.0
S924,B003,P004,12,600.0,2024-06-19 11:00:00,50.0
S925,B003,P005,10,1500.0,2024-06-19 12:00:00,300.0
S926,B003,P006,14,1050.0,2024-06-19 13:00:00,75.0
S927,B003,P007,8,960.0,2024-06-19 14:00:00,120.0
S928,B003,P008,6,2000.0,2024-06-19 15:00:00,400.0
S929,B003,P009,9,1980.0,2024-06-19 16:00:00,180.0
S930,B003,P010,7,780.0,2024-06-19 17:00:00,130.0
S931,B004,P001,10,1000.0,2024-06-19 08:00:00,100.0
S932,B004,P002,8,1400.0,2024-06-19 09:00:00,200.0
S933,B004,P003,7,1050.0,2024-06-19 10:00:00,150.0
S934,B004,P004,13,650.0,2024-06-19 11:00:00,50.0
S935,B004,P005,6,1500.0,2024-06-19 12:00:00,300.0
S936,B004,P006,15,1050.0,2024-06-19 13:00:00,75.0
S937,B004,P007,8,1080.0,2024-06-19 14:00:00,120.0
S938,B004,P008,6,2000.0,2024-06-19 15:00:00,400.0
S939,B004,P009,8,1260.0,2024-06-19 16:00:00,180.0
S940,B004,P010,6,780.0,2024-06-19 17:00:00,130.0
S941,B005,P001,11,1100.0,2024-06-19 08:00:00,100.0
S942,B005,P002,8,1400.0,2024-06-19 09:00:00,200.0
S943,B005,P003,7,1050.0,2024-06-19 10:00:00,150.0
S944,B005,P004,13,650.0,2024-06-19 11:00:00,50.0
S945,B005,P005,9,1800.0,2024-06-19 12:00:00,300.0
S946,B005,P006,15,1050.0,2024-06-19 13:00:00,75.0
S947,B005,P007,10,1440.0,2024-06-19 14:00:00,120.0
S948,B005,P008,5,2000.0,2024-06-19 15:00:00,400.0
S949,B005,P009,7,1260.0,2024-06-19 16:00:00,180.0
S950,B005,P010,6,780.0,2024-06-19 17:00:00,130.0
S951,B001,P001,11,1100.0,2024-06-20 08:00:00,100.0
S952,B001,P002,8,1600.0,2024-06-20 09:00:00,200.0
S953,B001,P003,6,900.0,2024-06-20 10:00:00,150.0
S954,B001,P004,12,600.0,2024-06-20 11:00:00,50.0
S955,B001,P005,10,2400.0,2024-06-20 12:00:00,300.0
S956,B001,P006,14,1200.0,2024-06-20 13:00:00,75.0
S957,B001,P007,9,1440.0,2024-06-20 14:00:00,120.0
S958,B001,P008,5,2000.0,2024-06-20 15:00:00,400.0
S959,B001,P009,8,1620.0,2024-06-20 16:00:00,180.0
S960,B001,P010,7,910.0,2024-06-20 17:00:00,130.0
S961,B002,P001,10,950.0,2024-06-20 08:00:00,95.0
S962,B002,P002,7,1400.0,2024-06-20 09:00:00,200.0
S963,B002,P003,8,1050.0,2024-06-20 10:00:00,150.0
S964,B002,P004,14,650.0,2024-06-20 11:00:00,50.0
S965,B002,P005,9,1800.0,2024-06-20 12:00:00,300.0
S966,B002,P006,12,1050.0,2024-06-20 13:00:00,75.0
S967,B002,P007,6,1200.0,2024-06-20 14:00:00,120.0
S968,B002,P008,7,2000.0,2024-06-20 15:00:00,400.0
S969,B002,P009,10,1440.0,2024-06-20 16:00:00,180.0
S970,B002,P010,5,780.0,2024-06-20 17:00:00,130.0
S971,B003,P001,10,1000.0,2024-06-20 08:00:00,100.0
S972,B003,P002,9,1620.0,2024-06-20 09:00:00,200.0
S973,B003,P003,8,1200.0,2024-06-20 10:00:00,150.0
S974,B003,P004,12,600.0,2024-06-20 11:00:00,50.0
S975,B003,P005,10,1500.0,2024-06-20 12:00:00,300.0
S976,B003,P006,15,1050.0,2024-06-20 13:00:00,75.0
S977,B003,P007,8,960.0,2024-06-20 14:00:00,120.0
S978,B003,P008,6,2000.0,2024-06-20 15:00:00,400.0
S979,B003,P009,9,1620.0,2024-06-20 16:00:00,180.0
S980,B003,P010,5,780.0,2024-06-20 17:00:00,130.0
S981,B004,P001,10,1000.0,2024-06-20 08:00:00,100.0
S982,B004,P002,7,1400.0,2024-06-20 09:00:00,200.0
S983,B004,P003,6,1050.0,2024-06-20 10:00:00,150.0
S984,B004,P004,13,650.0,2024-06-20 11:00:00,50.0
S985,B004,P005,8,1800.0,2024-06-20 12:00:00,300.0
S986,B004,P006,14,1050.0,2024-06-20 13:00:00,75.0
S987,B004,P007,9,1080.0,2024-06-20 14:00:00,120.0
S988,B004,P008,6,2000.0,2024-06-20 15:00:00,400.0
S989,B004,P009,7,1260.0,2024-06-20 16:00:00,180.0
S990,B004,P010,6,780.0,2024-06-20 17:00:00,130.0
S991,B005,P001,10,1000.0,2024-06-20 08:00:00,100.0
S992,B005,P002,8,1600.0,2024-06-20 09:00:00,200.0
S993,B005,P003,7,1200.0,2024-06-20 10:00:00,150.0
S994,B005,P004,12,600.0,2024-06-20 11:00:00,50.0
S995,B005,P005,9,1800.0,2024-06-20 12:00:00,300.0
S996,B005,P006,15,1050.0,2024-06-20 13:00:00,75.0
S997,B005,P007,11,1440.0,2024-06-20 14:00:00,120.0
S998,B005,P008,5,2000.0,2024-06-20 15:00:00,400.0
S999,B005,P009,8,1260.0,2024-06-20 16:00:00,180.0
S1000,B005,P010,6,780.0,2024-06-20 17:00:00,130.0
S1001,B001,P001,12,1200.0,2024-06-21 08:00:00,100.0
S1002,B001,P002,7,1400.0,2024-06-21 09:00:00,200.0
S1003,B001,P003,9,1350.0,2024-06-21 10:00:00,150.0
S1004,B001,P004,11,550.0,2024-06-21 11:00:00,50.0
S1005,B001,P005,10,3000.0,2024-06-21 12:00:00,300.0
S1006,B001,P006,18,1350.0,2024-06-21 13:00:00,75.0
S1007,B001,P007,11,1320.0,2024-06-21 14:00:00,120.0
S1008,B001,P008,6,2400.0,2024-06-21 15:00:00,400.0
S1009,B001,P009,9,1620.0,2024-06-21 16:00:00,180.0
S1010,B001,P010,8,1040.0,2024-06-21 17:00:00,130.0
S1011,B002,P001,10,950.0,2024-06-21 08:00:00,95.0
S1012,B002,P002,7,1400.0,2024-06-21 09:00:00,200.0
S1013,B002,P003,8,1050.0,2024-06-21 10:00:00,150.0
S1014,B002,P004,12,650.0,2024-06-21 11:00:00,50.0
S1015,B002,P005,10,2000.0,2024-06-21 12:00:00,300.0
S1016,B002,P006,14,1050.0,2024-06-21 13:00:00,75.0
S1017,B002,P007,9,1080.0,2024-06-21 14:00:00,120.0
S1018,B002,P008,7,2400.0,2024-06-21 15:00:00,400.0
S1019,B002,P009,8,1440.0,2024-06-21 16:00:00,180.0
S1020,B002,P010,5,780.0,2024-06-21 17:00:00,130.0
S1021,B003,P001,11,1100.0,2024-06-21 08:00:00,100.0
S1022,B003,P002,9,1620.0,2024-06-21 09:00:00,200.0
S1023,B003,P003,8,1200.0,2024-06-21 10:00:00,150.0
S1024,B003,P004,14,700.0,2024-06-21 11:00:00,50.0
S1025,B003,P005,12,1500.0,2024-06-21 12:00:00,300.0
S1026,B003,P006,16,1200.0,2024-06-21 13:00:00,75.0
S1027,B003,P007,10,1200.0,2024-06-21 14:00:00,120.0
S1028,B003,P008,6,2000.0,2024-06-21 15:00:00,400.0
S1029,B003,P009,7,1260.0,2024-06-21 16:00:00,180.0
S1030,B003,P010,5,780.0,2024-06-21 17:00:00,130.0
S1031,B004,P001,12,1200.0,2024-06-21 08:00:00,100.0
S1032,B004,P002,8,1400.0,2024-06-21 09:00:00,200.0
S1033,B004,P003,6,1050.0,2024-06-21 10:00:00,150.0
S1034,B004,P004,13,650.0,2024-06-21 11:00:00,50.0
S1035,B004,P005,10,2400.0,2024-06-21 12:00:00,300.0
S1036,B004,P006,15,1050.0,2024-06-21 13:00:00,75.0
S1037,B004,P007,9,1080.0,2024-06-21 14:00:00,120.0
S1038,B004,P008,7,2000.0,2024-06-21 15:00:00,400.0
S1039,B004,P009,8,1260.0,2024-06-21 16:00:00,180.0
S1040,B004,P010,5,780.0,2024-06-21 17:00:00,130.0
S1041,B005,P001,12,1200.0,2024-06-21 08:00:00,100.0
S1042,B005,P002,7,1400.0,2024-06-21 09:00:00,200.0
S1043,B005,P003,9,1350.0,2024-06-21 10:00:00,150.0
S1044,B005,P004,11,550.0,2024-06-21 11:00:00,50.0
S1045,B005,P005,10,3000.0,2024-06-21 12:00:00,300.0
S1046,B005,P006,18,1350.0,2024-06-21 13:00:00,75.0
S1047,B005,P007,12,1320.0,2024-06-21 14:00:00,120.0
S1048,B005,P008,6,2400.0,2024-06-21 15:00:00,400.0
S1049,B005,P009,9,1620.0,2024-06-21 16:00:00,180.0
S1050,B005,P010,7,1040.0,2024-06-21 17:00:00,130.0
S1051,B001,P001,11,1100.0,2024-06-22 08:00:00,100.0
S1052,B001,P002,8,1600.0,2024-06-22 09:00:00,200.0
S1053,B001,P003,7,1050.0,2024-06-22 10:00:00,150.0
S1054,B001,P004,13,650.0,2024-06-22 11:00:00,50.0
S1055,B001,P005,9,1800.0,2024-06-22 12:00:00,300.0
S1056,B001,P006,15,1200.0,2024-06-22 13:00:00,75.0
S1057,B001,P007,8,1080.0,2024-06-22 14:00:00,120.0
S1058,B001,P008,5,2000.0,2024-06-22 15:00:00,400.0
S1059,B001,P009,10,1440.0,2024-06-22 16:00:00,180.0
S1060,B001,P010,6,780.0,2024-06-22 17:00:00,130.0
S1061,B002,P001,12,1050.0,2024-06-22 08:00:00,95.0
S1062,B002,P002,6,1400.0,2024-06-22 09:00:00,200.0
S1063,B002,P003,7,1050.0,2024-06-22 10:00:00,150.0
S1064,B002,P004,14,650.0,2024-06-22 11:00:00,50.0
S1065,B002,P005,11,3000.0,2024-06-22 12:00:00,300.0
S1066,B002,P006,16,1350.0,2024-06-22 13:00:00,75.0
S1067,B002,P007,10,1440.0,2024-06-22 14:00:00,120.0
S1068,B002,P008,5,2400.0,2024-06-22 15:00:00,400.0
S1069,B002,P009,9,1620.0,2024-06-22 16:00:00,180.0
S1070,B002,P010,7,1040.0,2024-06-22 17:00:00,130.0
S1071,B003,P001,12,1200.0,2024-06-22 08:00:00,100.0
S1072,B003,P002,10,1400.0,2024-06-22 09:00:00,200.0
S1073,B003,P003,8,1050.0,2024-06-22 10:00:00,150.0
S1074,B003,P004,13,650.0,2024-06-22 11:00:00,50.0
S1075,B003,P005,9,1800.0,2024-06-22 12:00:00,300.0
S1076,B003,P006,14,1200.0,2024-06-22 13:00:00,75.0
S1077,B003,P007,8,1080.0,2024-06-22 14:00:00,120.0
S1078,B003,P008,6,2000.0,2024-06-22 15:00:00,400.0
S1079,B003,P009,10,1440.0,2024-06-22 16:00:00,180.0
S1080,B003,P010,6,780.0,2024-06-22 17:00:00,130.0
S1081,B004,P001,11,1100.0,2024-06-22 08:00:00,100.0
S1082,B004,P002,8,1400.0,2024-06-22 09:00:00,200.0
S1083,B004,P003,7,1050.0,2024-06-22 10:00:00,150.0
S1084,B004,P004,14,650.0,2024-06-22 11:00:00,50.0
S1085,B004,P005,10,1800.0,2024-06-22 12:00:00,300.0
S1086,B004,P006,16,1200.0,2024-06-22 13:00:00,75.0
S1087,B004,P007,9,1080.0,2024-06-22 14:00:00,120.0
S1088,B004,P008,5,2400.0,2024-06-22 15:00:00,400.0
S1089,B004,P009,10,1440.0,2024-06-22 16:00:00,180.0
S1090,B004,P010,7,1040.0,2024-06-22 17:00:00,130.0
S1091,B005,P001,11,1100.0,2024-06-22 08:00:00,100.0
S1092,B005,P002,9,1600.0,2024-06-22 09:00:00,200.0
S1093,B005,P003,8,1050.0,2024-06-22 10:00:00,150.0
S1094,B005,P004,12,650.0,2024-06-22 11:00:00,50.0
S1095,B005,P005,10,2000.0,2024-06-22 12:00:00,300.0
S1096,B005,P006,16,1350.0,2024-06-22 13:00:00,75.0
S1097,B005,P007,10,1320.0,2024-06-22 14:00:00,120.0
S1098,B005,P008,7,2400.0,2024-06-22 15:00:00,400.0
S1099,B005,P009,8,1440.0,2024-06-22 16:00:00,180.0
S1100,B005,P010,6,780.0,2024-06-22 17:00:00,130.0
S1101,B001,P001,11,1100.0,2024-06-23 08:00:00,100.0
S1102,B001,P002,6,1600.0,2024-06-23 09:00:00,200.0
S1103,B001,P003,8,1350.0,2024-06-23 10:00:00,150.0
S1104,B001,P004,12,600.0,2024-06-23 11:00:00,50.0
S1105,B001,P005,11,3000.0,2024-06-23 12:00:00,300.0
S1106,B001,P006,17,1350.0,2024-06-23 13:00:00,75.0
S1107,B001,P007,10,1200.0,2024-06-23 14:00:00,120.0
S1108,B001,P008,5,2000.0,2024-06-23 15:00:00,400.0
S1109,B001,P009,8,1440.0,2024-06-23 16:00:00,180.0
S1110,B001,P010,7,1040.0,2024-06-23 17:00:00,130.0
S1111,B002,P001,12,1000.0,2024-06-23 08:00:00,95.0
S1112,B002,P002,8,1400.0,2024-06-23 09:00:00,200.0
S1113,B002,P003,9,1050.0,2024-06-23 10:00:00,150.0
S1114,B002,P004,11,650.0,2024-06-23 11:00:00,50.0
S1115,B002,P005,12,3000.0,2024-06-23 12:00:00,300.0
S1116,B002,P006,18,1350.0,2024-06-23 13:00:00,75.0
S1117,B002,P007,10,1200.0,2024-06-23 14:00:00,120.0
S1118,B002,P008,6,2000.0,2024-06-23 15:00:00,400.0
S1119,B002,P009,7,1440.0,2024-06-23 16:00:00,180.0
S1120,B002,P010,5,780.0,2024-06-23 17:00:00,130.0
S1121,B003,P001,12,1200.0,2024-06-23 08:00:00,100.0
S1122,B003,P002,9,1400.0,2024-06-23 09:00:00,200.0
S1123,B003,P003,8,1050.0,2024-06-23 10:00:00,150.0
S1124,B003,P004,14,650.0,2024-06-23 11:00:00,50.0
S1125,B003,P005,11,1800.0,2024-06-23 12:00:00,300.0
S1126,B003,P006,16,1350.0,2024-06-23 13:00:00,75.0
S1127,B003,P007,10,1200.0,2024-06-23 14:00:00,120.0
S1128,B003,P008,5,2000.0,2024-06-23 15:00:00,400.0
S1129,B003,P009,9,1440.0,2024-06-23 16:00:00,180.0
S1130,B003,P010,6,780.0,2024-06-23 17:00:00,130.0
S1131,B004,P001,12,1200.0,2024-06-23 08:00:00,100.0
S1132,B004,P002,10,1400.0,2024-06-23 09:00:00,200.0
S1133,B004,P003,7,1050.0,2024-06-23 10:00:00,150.0
S1134,B004,P004,13,650.0,2024-06-23 11:00:00,50.0
S1135,B004,P005,11,1800.0,2024-06-23 12:00:00,300.0
S1136,B004,P006,15,1200.0,2024-06-23 13:00:00,75.0
S1137,B004,P007,9,1080.0,2024-06-23 14:00:00,120.0
S1138,B004,P008,6,2000.0,2024-06-23 15:00:00,400.0
S1139,B004,P009,10,1440.0,2024-06-23 16:00:00,180.0
S1140,B004,P010,5,780.0,2024-06-23 17:00:00,130.0
S1141,B005,P001,13,1200.0,2024-06-23 08:00:00,100.0
S1142,B005,P002,8,1600.0,2024-06-23 09:00:00,200.0
S1143,B005,P003,7,1350.0,2024-06-23 10:00:00,150.0
S1144,B005,P004,11,550.0,2024-06-23 11:00:00,50.0
S1145,B005,P005,10,2400.0,2024-06-23 12:00:00,300.0
S1146,B005,P006,18,1350.0,2024-06-23 13:00:00,75.0
S1147,B005,P007,11,1200.0,2024-06-23 14:00:00,120.0
S1148,B005,P008,6,2000.0,2024-06-23 15:00:00,400.0
S1149,B005,P009,9,1440.0,2024-06-23 16:00:00,180.0
S1150,B005,P010,7,1040.0,2024-06-23 17:00:00,130.0
S1151,B001,P001,10,1100.0,2024-06-24 08:00:00,100.0
S1152,B001,P002,7,1600.0,2024-06-24 09:00:00,200.0
S1153,B001,P003,8,1350.0,2024-06-24 10:00:00,150.0
S1154,B001,P004,13,650.0,2024-06-24 11:00:00,50.0
S1155,B001,P005,11,3000.0,2024-06-24 12:00:00,300.0
S1156,B001,P006,16,1350.0,2024-06-24 13:00:00,75.0
S1157,B001,P007,9,1080.0,2024-06-24 14:00:00,120.0
S1158,B001,P008,5,2000.0,2024-06-24 15:00:00,400.0
S1159,B001,P009,7,1440.0,2024-06-24 16:00:00,180.0
S1160,B001,P010,6,1040.0,2024-06-24 17:00:00,130.0
S1161,B002,P001,12,1050.0,2024-06-24 08:00:00,95.0
S1162,B002,P002,8,1600.0,2024-06-24 09:00:00,200.0
S1163,B002,P003,9,1350.0,2024-06-24 10:00:00,150.0
S1164,B002,P004,13,650.0,2024-06-24 11:00:00,50.0
S1165,B002,P005,11,3000.0,2024-06-24 12:00:00,300.0
S1166,B002,P006,16,1350.0,2024-06-24 13:00:00,75.0
S1167,B002,P007,9,1080.0,2024-06-24 14:00:00,120.0
S1168,B002,P008,7,2000.0,2024-06-24 15:00:00,400.0
S1169,B002,P009,10,1440.0,2024-06-24 16:00:00,180.0
S1170,B002,P010,6,780.0,2024-06-24 17:00:00,130.0
S1171,B003,P001,10,1200.0,2024-06-24 08:00:00,100.0
S1172,B003,P002,7,1400.0,2024-06-24 09:00:00,200.0
S1173,B003,P003,8,1350.0,2024-06-24 10:00:00,150.0
S1174,B003,P004,14,650.0,2024-06-24 11:00:00,50.0
S1175,B003,P005,11,3000.0,2024-06-24 12:00:00,300.0
S1176,B003,P006,16,1350.0,2024-06-24 13:00:00,75.0
S1177,B003,P007,10,1200.0,2024-06-24 14:00:00,120.0
S1178,B003,P008,5,2000.0,2024-06-24 15:00:00,400.0
S1179,B003,P009,7,1440.0,2024-06-24 16:00:00,180.0
S1180,B003,P010,5,780.0,2024-06-24 17:00:00,130.0
S1181,B004,P001,11,1100.0,2024-06-24 08:00:00,100.0
S1182,B004,P002,9,1600.0,2024-06-24 09:00:00,200.0
S1183,B004,P003,8,1050.0,2024-06-24 10:00:00,150.0
S1184,B004,P004,12,650.0,2024-06-24 11:00:00,50.0
S1185,B004,P005,10,2400.0,2024-06-24 12:00:00,300.0
S1186,B004,P006,15,1350.0,2024-06-24 13:00:00,75.0
S1187,B004,P007,8,1080.0,2024-06-24 14:00:00,120.0
S1188,B004,P008,7,2000.0,2024-06-24 15:00:00,400.0
S1189,B004,P009,5,1260.0,2024-06-24 16:00:00,180.0
S1190,B004,P010,5,780.0,2024-06-24 17:00:00,130.0
S1191,B005,P001,11,1200.0,2024-06-24 08:00:00,100.0
S1192,B005,P002,9,1600.0,2024-06-24 09:00:00,200.0
S1193,B005,P003,8,1350.0,2024-06-24 10:00:00,150.0
S1194,B005,P004,13,650.0,2024-06-24 11:00:00,50.0
S1195,B005,P005,10,3000.0,2024-06-24 12:00:00,300.0
S1196,B005,P006,15,1350.0,2024-06-24 13:00:00,75.0
S1197,B005,P007,9,1200.0,2024-06-24 14:00:00,120.0
S1198,B005,P008,6,2000.0,2024-06-24 15:00:00,400.0
S1199,B005,P009,8,1440.0,2024-06-24 16:00:00,180.0
S1200,B005,P010,6,1040.0,2024-06-24 17:00:00,130.0
S1201,B001,P001,9,900.0,2024-06-25 08:00:00,100.0
S1202,B001,P002,6,1200.0,2024-06-25 09:00:00,200.0
S1203,B001,P003,7,1050.0,2024-06-25 10:00:00,150.0
S1204,B001,P004,14,700.0,2024-06-25 11:00:00,50.0
S1205,B001,P005,12,3600.0,2024-06-25 12:00:00,300.0
S1206,B001,P006,18,1350.0,2024-06-25 13:00:00,75.0
S1207,B001,P007,10,1200.0,2024-06-25 14:00:00,120.0
S1208,B001,P008,7,2800.0,2024-06-25 15:00:00,400.0
S1209,B001,P009,8,1440.0,2024-06-25 16:00:00,180.0
S1210,B001,P010,7,1040.0,2024-06-25 17:00:00,130.0
S1211,B002,P001,11,1050.0,2024-06-25 08:00:00,95.0
S1212,B002,P002,9,1400.0,2024-06-25 09:00:00,200.0
S1213,B002,P003,8,1200.0,2024-06-25 10:00:00,150.0
S1214,B002,P004,12,650.0,2024-06-25 11:00:00,50.0
S1215,B002,P005,10,3000.0,2024-06-25 12:00:00,300.0
S1216,B002,P006,15,1350.0,2024-06-25 13:00:00,75.0
S1217,B002,P007,8,1080.0,2024-06-25 14:00:00,120.0
S1218,B002,P008,7,2200.0,2024-06-25 15:00:00,400.0
S1219,B002,P009,9,1440.0,2024-06-25 16:00:00,180.0
S1220,B002,P010,6,780.0,2024-06-25 17:00:00,130.0
S1221,B003,P001,12,1200.0,2024-06-25 08:00:00,100.0
S1222,B003,P002,10,1400.0,2024-06-25 09:00:00,200.0
S1223,B003,P003,7,1050.0,2024-06-25 10:00:00,150.0
S1224,B003,P004,13,650.0,2024-06-25 11:00:00,50.0
S1225,B003,P005,11,3000.0,2024-06-25 12:00:00,300.0
S1226,B003,P006,15,1350.0,2024-06-25 13:00:00,75.0
S1227,B003,P007,8,1200.0,2024-06-25 14:00:00,120.0
S1228,B003,P008,7,2000.0,2024-06-25 15:00:00,400.0
S1229,B003,P009,6,1440.0,2024-06-25 16:00:00,180.0
S1230,B003,P010,8,780.0,2024-06-25 17:00:00,130.0
S1231,B004,P001,13,1300.0,2024-06-25 08:00:00,100.0
S1232,B004,P002,10,1500.0,2024-06-25 09:00:00,200.0
S1233,B004,P003,9,1050.0,2024-06-25 10:00:00,150.0
S1234,B004,P004,14,650.0,2024-06-25 11:00:00,50.0
S1235,B004,P005,12,3000.0,2024-06-25 12:00:00,300.0
S1236,B004,P006,16,1350.0,2024-06-25 13:00:00,75.0
S1237,B004,P007,10,1200.0,2024-06-25 14:00:00,120.0
S1238,B004,P008,8,2000.0,2024-06-25 15:00:00,400.0
S1239,B004,P009,6,1440.0,2024-06-25 16:00:00,180.0
S1240,B004,P010,7,1040.0,2024-06-25 17:00:00,130.0
S1241,B005,P001,9,900.0,2024-06-25 08:00:00,100.0
S1242,B005,P002,10,1200.0,2024-06-25 09:00:00,200.0
S1243,B005,P003,8,1350.0,2024-06-25 10:00:00,150.0
S1244,B005,P004,13,650.0,2024-06-25 11:00:00,50.0
S1245,B005,P005,11,2400.0,2024-06-25 12:00:00,300.0
S1246,B005,P006,16,1350.0,2024-06-25 13:00:00,75.0
S1247,B005,P007,12,1200.0,2024-06-25 14:00:00,120.0
S1248,B005,P008,9,2200.0,2024-06-25 15:00:00,400.0
S1249,B005,P009,7,1440.0,2024-06-25 16:00:00,180.0
S1250,B005,P010,10,1040.0,2024-06-25 17:00:00,130.0
S1251,B001,P001,10,1000.0,2024-06-26 08:00:00,100.0
S1252,B001,P002,5,1000.0,2024-06-26 09:00:00,200.0
S1253,B001,P003,8,1200.0,2024-06-26 10:00:00,150.0
S1254,B001,P004,12,600.0,2024-06-26 11:00:00,50.0
S1255,B001,P005,11,3300.0,2024-06-26 12:00:00,300.0
S1256,B001,P006,17,1350.0,2024-06-26 13:00:00,75.0
S1257,B001,P007,6,1080.0,2024-06-26 14:00:00,120.0
S1258,B001,P008,8,2500.0,2024-06-26 15:00:00,400.0
S1259,B001,P009,7,1800.0,2024-06-26 16:00:00,180.0
S1260,B001,P010,6,1040.0,2024-06-26 17:00:00,130.0
S1261,B002,P001,11,1050.0,2024-06-26 08:00:00,95.0
S1262,B002,P002,10,1400.0,2024-06-26 09:00:00,200.0
S1263,B002,P003,8,1200.0,2024-06-26 10:00:00,150.0
S1264,B002,P004,12,650.0,2024-06-26 11:00:00,50.0
S1265,B002,P005,11,3300.0,2024-06-26 12:00:00,300.0
S1266,B002,P006,18,1350.0,2024-06-26 13:00:00,75.0
S1267,B002,P007,7,1200.0,2024-06-26 14:00:00,120.0
S1268,B002,P008,8,2500.0,2024-06-26 15:00:00,400.0
S1269,B002,P009,10,1800.0,2024-06-26 16:00:00,180.0
S1270,B002,P010,7,1040.0,2024-06-26 17:00:00,130.0
S1271,B003,P001,12,1200.0,2024-06-26 08:00:00,100.0
S1272,B003,P002,9,1350.0,2024-06-26 09:00:00,200.0
S1273,B003,P003,7,1050.0,2024-06-26 10:00:00,150.0
S1274,B003,P004,14,650.0,2024-06-26 11:00:00,50.0
S1275,B003,P005,12,3300.0,2024-06-26 12:00:00,300.0
S1276,B003,P006,20,1350.0,2024-06-26 13:00:00,75.0
S1277,B003,P007,9,1080.0,2024-06-26 14:00:00,120.0
S1278,B003,P008,7,2500.0,2024-06-26 15:00:00,400.0
S1279,B003,P009,8,1440.0,2024-06-26 16:00:00,180.0
S1280,B003,P010,10,1040.0,2024-06-26 17:00:00,130.0
S1281,B004,P001,12,1200.0,2024-06-26 08:00:00,100.0
S1282,B004,P002,11,1400.0,2024-06-26 09:00:00,200.0
S1283,B004,P003,8,1050.0,2024-06-26 10:00:00,150.0
S1284,B004,P004,13,650.0,2024-06-26 11:00:00,50.0
S1285,B004,P005,10,3000.0,2024-06-26 12:00:00,300.0
S1286,B004,P006,15,1350.0,2024-06-26 13:00:00,75.0
S1287,B004,P007,10,1200.0,2024-06-26 14:00:00,120.0
S1288,B004,P008,9,2200.0,2024-06-26 15:00:00,400.0
S1289,B004,P009,7,1440.0,2024-06-26 16:00:00,180.0
S1290,B004,P010,6,1040.0,2024-06-26 17:00:00,130.0
S1291,B005,P001,11,1100.0,2024-06-26 08:00:00,100.0
S1292,B005,P002,8,1600.0,2024-06-26 09:00:00,200.0
S1293,B005,P003,9,1350.0,2024-06-26 10:00:00,150.0
S1294,B005,P004,12,650.0,2024-06-26 11:00:00,50.0
S1295,B005,P005,10,3000.0,2024-06-26 12:00:00,300.0
S1296,B005,P006,17,1350.0,2024-06-26 13:00:00,75.0
S1297,B005,P007,8,1080.0,2024-06-26 14:00:00,120.0
S1298,B005,P008,10,2500.0,2024-06-26 15:00:00,400.0
S1299,B005,P009,6,1440.0,2024-06-26 16:00:00,180.0
S1300,B005,P010,7,1040.0,2024-06-26 17:00:00,130.0
S1301,B001,P001,11,1100.0,2024-06-27 08:00:00,100.0
S1302,B001,P002,8,1600.0,2024-06-27 09:00:00,200.0
S1303,B001,P003,7,1050.0,2024-06-27 10:00:00,150.0
S1304,B001,P004,12,600.0,2024-06-27 11:00:00,50.0
S1305,B001,P005,9,3000.0,2024-06-27 12:00:00,300.0
S1306,B001,P006,20,1500.0,2024-06-27 13:00:00,75.0
S1307,B001,P007,8,1080.0,2024-06-27 14:00:00,120.0
S1308,B001,P008,9,2500.0,2024-06-27 15:00:00,400.0
S1309,B001,P009,6,1440.0,2024-06-27 16:00:00,180.0
S1310,B001,P010,7,1040.0,2024-06-27 17:00:00,130.0
S1311,B002,P001,11,1050.0,2024-06-27 08:00:00,95.0
S1312,B002,P002,9,1400.0,2024-06-27 09:00:00,200.0
S1313,B002,P003,8,1200.0,2024-06-27 10:00:00,150.0
S1314,B002,P004,14,700.0,2024-06-27 11:00:00,50.0
S1315,B002,P005,12,3000.0,2024-06-27 12:00:00,300.0
S1316,B002,P006,18,1350.0,2024-06-27 13:00:00,75.0
S1317,B002,P007,9,1080.0,2024-06-27 14:00:00,120.0
S1318,B002,P008,10,2000.0,2024-06-27 15:00:00,400.0
S1319,B002,P009,7,1440.0,2024-06-27 16:00:00,180.0
S1320,B002,P010,6,780.0,2024-06-27 17:00:00,130.0
S1321,B003,P001,10,1000.0,2024-06-27 08:00:00,100.0
S1322,B003,P002,8,1200.0,2024-06-27 09:00:00,200.0
S1323,B003,P003,9,1350.0,2024-06-27 10:00:00,150.0
S1324,B003,P004,12,600.0,2024-06-27 11:00:00,50.0
S1325,B003,P005,11,3000.0,2024-06-27 12:00:00,300.0
S1326,B003,P006,20,1350.0,2024-06-27 13:00:00,75.0
S1327,B003,P007,8,1200.0,2024-06-27 14:00:00,120.0
S1328,B003,P008,7,2000.0,2024-06-27 15:00:00,400.0
S1329,B003,P009,10,1440.0,2024-06-27 16:00:00,180.0
S1330,B003,P010,6,1040.0,2024-06-27 17:00:00,130.0
S1331,B004,P001,11,1050.0,2024-06-27 08:00:00,100.0
S1332,B004,P002,9,1400.0,2024-06-27 09:00:00,200.0
S1333,B004,P003,10,1200.0,2024-06-27 10:00:00,150.0
S1334,B004,P004,13,650.0,2024-06-27 11:00:00,50.0
S1335,B004,P005,12,3000.0,2024-06-27 12:00:00,300.0
S1336,B004,P006,15,1350.0,2024-06-27 13:00:00,75.0
S1337,B004,P007,10,1200.0,2024-06-27 14:00:00,120.0
S1338,B004,P008,8,2200.0,2024-06-27 15:00:00,400.0
S1339,B004,P009,9,1440.0,2024-06-27 16:00:00,180.0
S1340,B004,P010,7,1040.0,2024-06-27 17:00:00,130.0
S1341,B005,P001,10,1000.0,2024-06-27 08:00:00,100.0
S1342,B005,P002,9,1200.0,2024-06-27 09:00:00,200.0
S1343,B005,P003,11,1350.0,2024-06-27 10:00:00,150.0
S1344,B005,P004,12,600.0,2024-06-27 11:00:00,50.0
S1345,B005,P005,10,3000.0,2024-06-27 12:00:00,300.0
S1346,B005,P006,18,1350.0,2024-06-27 13:00:00,75.0
S1347,B005,P007,7,1080.0,2024-06-27 14:00:00,120.0
S1348,B005,P008,9,2000.0,2024-06-27 15:00:00,400.0
S1349,B005,P009,8,1440.0,2024-06-27 16:00:00,180.0
S1350,B005,P010,6,1040.0,2024-06-27 17:00:00,130.0
S1351,B001,P001,12,1200.0,2024-06-28 08:00:00,100.0
S1352,B001,P002,9,1800.0,2024-06-28 09:00:00,200.0
S1353,B001,P003,6,1050.0,2024-06-28 10:00:00,150.0
S1354,B001,P004,11,700.0,2024-06-28 11:00:00,50.0
S1355,B001,P005,12,3600.0,2024-06-28 12:00:00,300.0
S1356,B001,P006,15,1350.0,2024-06-28 13:00:00,75.0
S1357,B001,P007,8,1200.0,2024-06-28 14:00:00,120.0
S1358,B001,P008,7,2800.0,2024-06-28 15:00:00,400.0
S1359,B001,P009,9,1440.0,2024-06-28 16:00:00,180.0
S1360,B001,P010,7,1300.0,2024-06-28 17:00:00,130.0
S1361,B002,P001,12,1200.0,2024-06-28 08:00:00,95.0
S1362,B002,P002,8,1400.0,2024-06-28 09:00:00,200.0
S1363,B002,P003,9,1050.0,2024-06-28 10:00:00,150.0
S1364,B002,P004,13,650.0,2024-06-28 11:00:00,50.0
S1365,B002,P005,11,3300.0,2024-06-28 12:00:00,300.0
S1366,B002,P006,18,1350.0,2024-06-28 13:00:00,75.0
S1367,B002,P007,8,1080.0,2024-06-28 14:00:00,120.0
S1368,B002,P008,10,2000.0,2024-06-28 15:00:00,400.0
S1369,B002,P009,7,1440.0,2024-06-28 16:00:00,180.0
S1370,B002,P010,6,780.0,2024-06-28 17:00:00,130.0
S1371,B003,P001,10,1000.0,2024-06-28 08:00:00,100.0
S1372,B003,P002,11,1400.0,2024-06-28 09:00:00,200.0
S1373,B003,P003,9,1350.0,2024-06-28 10:00:00,150.0
S1374,B003,P004,14,700.0,2024-06-28 11:00:00,50.0
S1375,B003,P005,12,3000.0,2024-06-28 12:00:00,300.0
S1376,B003,P006,20,1350.0,2024-06-28 13:00:00,75.0
S1377,B003,P007,10,1200.0,2024-06-28 14:00:00,120.0
S1378,B003,P008,8,2000.0,2024-06-28 15:00:00,400.0
S1379,B003,P009,9,1440.0,2024-06-28 16:00:00,180.0
S1380,B003,P010,6,1040.0,2024-06-28 17:00:00,130.0
S1381,B004,P001,10,1200.0,2024-06-28 08:00:00,100.0
S1382,B004,P002,8,1400.0,2024-06-28 09:00:00,200.0
S1383,B004,P003,9,1050.0,2024-06-28 10:00:00,150.0
S1384,B004,P004,12,700.0,2024-06-28 11:00:00,50.0
S1385,B004,P005,10,3000.0,2024-06-28 12:00:00,300.0
S1386,B004,P006,15,1350.0,2024-06-28 13:00:00,75.0
S1387,B004,P007,7,1200.0,2024-06-28 14:00:00,120.0
S1388,B004,P008,8,2000.0,2024-06-28 15:00:00,400.0
S1389,B004,P009,9,1440.0,2024-06-28 16:00:00,180.0
S1390,B004,P010,6,1040.0,2024-06-28 17:00:00,130.0
S1391,B005,P001,9,900.0,2024-06-28 08:00:00,100.0
S1392,B005,P002,12,1800.0,2024-06-28 09:00:00,200.0
S1393,B005,P003,10,1350.0,2024-06-28 10:00:00,150.0
S1394,B005,P004,9,650.0,2024-06-28 11:00:00,50.0
S1395,B005,P005,11,3000.0,2024-06-28 12:00:00,300.0
S1396,B005,P006,8,1350.0,2024-06-28 13:00:00,75.0
S1397,B005,P007,10,1080.0,2024-06-28 14:00:00,120.0
S1398,B005,P008,7,2000.0,2024-06-28 15:00:00,400.0
S1399,B005,P009,9,1440.0,2024-06-28 16:00:00,180.0
S1400,B005,P010,6,1040.0,2024-06-28 17:00:00,130.0
S1401,B001,P001,11,1100.0,2024-06-29 08:00:00,100.0
S1402,B001,P002,10,2000.0,2024-06-29 09:00:00,200.0
S1403,B001,P003,7,1050.0,2024-06-29 10:00:00,150.0
S1404,B001,P004,14,700.0,2024-06-29 11:00:00,50.0
S1405,B001,P005,15,3750.0,2024-06-29 12:00:00,300.0
S1406,B001,P006,16,1200.0,2024-06-29 13:00:00,75.0
S1407,B001,P007,9,1080.0,2024-06-29 14:00:00,120.0
S1408,B001,P008,8,2800.0,2024-06-29 15:00:00,400.0
S1409,B001,P009,11,1980.0,2024-06-29 16:00:00,180.0
S1410,B001,P010,8,1400.0,2024-06-29 17:00:00,130.0
S1411,B002,P001,11,1150.0,2024-06-29 08:00:00,100.0
S1412,B002,P002,10,2200.0,2024-06-29 09:00:00,200.0
S1413,B002,P003,8,1200.0,2024-06-29 10:00:00,150.0
S1414,B002,P004,12,650.0,2024-06-29 11:00:00,50.0
S1415,B002,P005,14,3300.0,2024-06-29 12:00:00,300.0
S1416,B002,P006,18,1350.0,2024-06-29 13:00:00,75.0
S1417,B002,P007,9,1080.0,2024-06-29 14:00:00,120.0
S1418,B002,P008,8,2000.0,2024-06-29 15:00:00,400.0
S1419,B002,P009,10,1440.0,2024-06-29 16:00:00,180.0
S1420,B002,P010,6,780.0,2024-06-29 17:00:00,130.0
S1421,B003,P001,12,1200.0,2024-06-29 08:00:00,100.0
S1422,B003,P002,9,1800.0,2024-06-29 09:00:00,200.0
S1423,B003,P003,10,1350.0,2024-06-29 10:00:00,150.0
S1424,B003,P004,11,1050.0,2024-06-29 11:00:00,50.0
S1425,B003,P005,14,3000.0,2024-06-29 12:00:00,300.0
S1426,B003,P006,16,1350.0,2024-06-29 13:00:00,75.0
S1427,B003,P007,12,1200.0,2024-06-29 14:00:00,120.0
S1428,B003,P008,8,2000.0,2024-06-29 15:00:00,400.0
S1429,B003,P009,10,1440.0,2024-06-29 16:00:00,180.0
S1430,B003,P010,7,1040.0,2024-06-29 17:00:00,130.0
S1431,B004,P001,12,1200.0,2024-06-29 08:00:00,100.0
S1432,B004,P002,8,1400.0,2024-06-29 09:00:00,200.0
S1433,B004,P003,9,1050.0,2024-06-29 10:00:00,150.0
S1434,B004,P004,13,650.0,2024-06-29 11:00:00,50.0
S1435,B004,P005,10,3000.0,2024-06-29 12:00:00,300.0
S1436,B004,P006,15,1350.0,2024-06-29 13:00:00,75.0
S1437,B004,P007,9,1080.0,2024-06-29 14:00:00,120.0
S1438,B004,P008,8,2000.0,2024-06-29 15:00:00,400.0
S1439,B004,P009,7,1440.0,2024-06-29 16:00:00,180.0
S1440,B004,P010,6,1040.0,2024-06-29 17:00:00,130.0
S1441,B005,P001,10,1000.0,2024-06-29 08:00:00,100.0
S1442,B005,P002,9,1800.0,2024-06-29 09:00:00,200.0
S1443,B005,P003,11,1350.0,2024-06-29 10:00:00,150.0
S1444,B005,P004,12,600.0,2024-06-29 11:00:00,50.0
S1445,B005,P005,10,3000.0,2024-06-29 12:00:00,300.0
S1446,B005,P006,18,1350.0,2024-06-29 13:00:00,75.0
S1447,B005,P007,8,1080.0,2024-06-29 14:00:00,120.0
S1448,B005,P008,9,2000.0,2024-06-29 15:00:00,400.0
S1449,B005,P009,7,1440.0,2024-06-29 16:00:00,180.0
S1450,B005,P010,6,1040.0,2024-06-29 17:00:00,130.0
S1451,B001,P001,11,1100.0,2024-06-30 08:00:00,100.0
S1452,B001,P002,10,2000.0,2024-06-30 09:00:00,200.0
S1453,B001,P003,7,1050.0,2024-06-30 10:00:00,150.0
S1454,B001,P004,14,700.0,2024-06-30 11:00:00,50.0
S1455,B001,P005,15,3750.0,2024-06-30 12:00:00,300.0
S1456,B001,P006,16,1200.0,2024-06-30 13:00:00,75.0
S1457,B001,P007,9,1080.0,2024-06-30 14:00:00,120.0
S1458,B001,P008,8,2800.0,2024-06-30 15:00:00,400.0
S1459,B001,P009,11,1980.0,2024-06-30 16:00:00,180.0
S1460,B001,P010,8,1400.0,2024-06-30 17:00:00,130.0
S1461,B002,P001,11,1150.0,2024-06-30 08:00:00,100.0
S1462,B002,P002,10,2200.0,2024-06-30 09:00:00,200.0
S1463,B002,P003,8,1200.0,2024-06-30 10:00:00,150.0
S1464,B002,P004,12,650.0,2024-06-30 11:00:00,50.0
S1465,B002,P005,14,3300.0,2024-06-30 12:00:00,300.0
S1466,B002,P006,18,1350.0,2024-06-30 13:00:00,75.0
S1467,B002,P007,9,1080.0,2024-06-30 14:00:00,120.0
S1468,B002,P008,8,2000.0,2024-06-30 15:00:00,400.0
S1469,B002,P009,10,1440.0,2024-06-30 16:00:00,180.0
S1470,B002,P010,6,780.0,2024-06-30 17:00:00,130.0
S1471,B003,P001,12,1200.0,2024-06-30 08:00:00,100.0
S1472,B003,P002,9,1800.0,2024-06-30 09:00:00,200.0
S1473,B003,P003,10,1350.0,2024-06-30 10:00:00,150.0
S1474,B003,P004,11,1050.0,2024-06-30 11:00:00,50.0
S1475,B003,P005,14,3000.0,2024-06-30 12:00:00,300.0
S1476,B003,P006,16,1350.0,2024-06-30 13:00:00,75.0
S1477,B003,P007,12,1200.0,2024-06-30 14:00:00,120.0
S1478,B003,P008,8,2000.0,2024-06-30 15:00:00,400.0
S1479,B003,P009,10,1440.0,2024-06-30 16:00:00,180.0
S1480,B003,P010,7,1040.0,2024-06-30 17:00:00,130.0
S1481,B004,P001,12,1200.0,2024-06-30 08:00:00,100.0
S1482,B004,P002,8,1400.0,2024-06-30 09:00:00,200.0
S1483,B004,P003,9,1050.0,2024-06-30 10:00:00,150.0
S1484,B004,P004,13,650.0,2024-06-30 11:00:00,50.0
S1485,B004,P005,10,3000.0,2024-06-30 12:00:00,300.0
S1486,B004,P006,15,1350.0,2024-06-30 13:00:00,75.0
S1487,B004,P007,9,1080.0,2024-06-30 14:00:00,120.0
S1488,B004,P008,8,2000.0,2024-06-30 15:00:00,400.0
S1489,B004,P009,7,1440.0,2024-06-30 16:00:00,180.0
S1490,B004,P010,6,1040.0,2024-06-30 17:00:00,130.0
S1491,B005,P001,10,1000.0,2024-06-30 08:00:00,100.0
S1492,B005,P002,9,1800.0,2024-06-30 09:00:00,200.0
S1493,B005,P003,11,1350.0,2024-06-30 10:00:00,150.0
S1494,B005,P004,12,600.0,2024-06-30 11:00:00,50.0
S1495,B005,P005,10,3000.0,2024-06-30 12:00:00,300.0
S1496,B005,P006,18,1350.0,2024-06-30 13:00:00,75.0
S1497,B005,P007,8,1080.0,2024-06-30 14:00:00,120.0
S1498,B005,P008,9,2000.0,2024-06-30 15:00:00,400.0
S1499,B005,P009,7,1440.0,2024-06-30 16:00:00,180.0
S1500,B005,P010,6,1040.0,2024-06-30 17:00:00,130.0
